{"timestamp":"2026-05-10T11:20:11.963356Z","level":"INFO","fields":{"message":"python/3.11.14; huggingface_hub/1.14.0; hf_xet/1.5.0; , xet-core revision 6ed5a00"},"filename":"/Users/runner/work/xet-core/xet-core/xet_runtime/src/logging/init.rs","line_number":65}
{"timestamp":"2026-05-10T11:20:11.963371Z","level":"INFO","fields":{"message":"hf_xet logging configured."},"filename":"src/logging.rs","line_number":36}
{"timestamp":"2026-05-10T11:20:11.963381Z","level":"INFO","fields":{"message":"Increased RLIMIT_NOFILE soft limit from 1048575 to 9223372036854775807"},"filename":"/Users/runner/work/xet-core/xet-core/xet_runtime/src/core/file_handle_limits.rs","line_number":31}
{"timestamp":"2026-05-10T11:20:11.963378Z","level":"INFO","fields":{"message":"starting log cleanup in \"/Users/prajana/Desktop/final_year/weights/.cache/xet/logs\" (min_age=86400s, max_retention=1209600s, max_size=250MB bytes)"},"filename":"/Users/runner/work/xet-core/xet-core/xet_runtime/src/logging/init.rs","line_number":241}
{"timestamp":"2026-05-10T11:20:11.977404Z","level":"INFO","fields":{"message":"Log Directory Cleanup: found 1.771MB of logs in 3 log files, with 0B in 0 files eligible for deletion."},"filename":"/Users/runner/work/xet-core/xet-core/xet_runtime/src/logging/init.rs","line_number":319}
{"timestamp":"2026-05-10T11:20:11.977415Z","level":"INFO","fields":{"message":"Log Directory Cleanup: deleted 0B in 0 files"},"filename":"/Users/runner/work/xet-core/xet-core/xet_runtime/src/logging/init.rs","line_number":383}
{"timestamp":"2026-05-10T11:20:12.265750Z","level":"INFO","fields":{"message":"Config: min_spacing_between_global_dedup_queries = 256 (default)"},"filename":"/Users/runner/work/xet-core/xet-core/xet_runtime/src/utils/configuration_utils.rs","line_number":53}
{"timestamp":"2026-05-10T11:20:12.265782Z","level":"INFO","fields":{"message":"Config: local_cas_scheme = \"local://\" (default)"},"filename":"/Users/runner/work/xet-core/xet-core/xet_runtime/src/utils/configuration_utils.rs","line_number":53}
{"timestamp":"2026-05-10T11:20:12.265790Z","level":"INFO","fields":{"message":"Config: max_concurrent_file_ingestion = 8 (default)"},"filename":"/Users/runner/work/xet-core/xet-core/xet_runtime/src/utils/configuration_utils.rs","line_number":53}
{"timestamp":"2026-05-10T11:20:12.265792Z","level":"INFO","fields":{"message":"Config: max_concurrent_file_downloads = 8 (default)"},"filename":"/Users/runner/work/xet-core/xet-core/xet_runtime/src/utils/configuration_utils.rs","line_number":53}
{"timestamp":"2026-05-10T11:20:12.265795Z","level":"INFO","fields":{"message":"Config: ingestion_block_size = 8MB (default)"},"filename":"/Users/runner/work/xet-core/xet-core/xet_runtime/src/utils/configuration_utils.rs","line_number":53}
{"timestamp":"2026-05-10T11:20:12.265800Z","level":"INFO","fields":{"message":"Config: progress_update_interval = 200ms (default)"},"filename":"/Users/runner/work/xet-core/xet-core/xet_runtime/src/utils/configuration_utils.rs","line_number":53}
{"timestamp":"2026-05-10T11:20:12.265803Z","level":"INFO","fields":{"message":"Config: progress_update_speed_sampling_window = 10s (default)"},"filename":"/Users/runner/work/xet-core/xet-core/xet_runtime/src/utils/configuration_utils.rs","line_number":53}
{"timestamp":"2026-05-10T11:20:12.265805Z","level":"INFO","fields":{"message":"Config: progress_update_speed_min_observations = 4 (default)"},"filename":"/Users/runner/work/xet-core/xet-core/xet_runtime/src/utils/configuration_utils.rs","line_number":53}
{"timestamp":"2026-05-10T11:20:12.265808Z","level":"INFO","fields":{"message":"Config: session_xorb_metadata_flush_interval = 20s (default)"},"filename":"/Users/runner/work/xet-core/xet-core/xet_runtime/src/utils/configuration_utils.rs","line_number":53}
{"timestamp":"2026-05-10T11:20:12.265810Z","level":"INFO","fields":{"message":"Config: session_xorb_metadata_flush_max_count = 64 (default)"},"filename":"/Users/runner/work/xet-core/xet-core/xet_runtime/src/utils/configuration_utils.rs","line_number":53}
{"timestamp":"2026-05-10T11:20:12.265812Z","level":"INFO","fields":{"message":"Config: default_cas_endpoint = \"http://localhost:8080\" (default)"},"filename":"/Users/runner/work/xet-core/xet-core/xet_runtime/src/utils/configuration_utils.rs","line_number":53}
{"timestamp":"2026-05-10T11:20:12.265815Z","level":"INFO","fields":{"message":"Config: aggregate_progress = true (default)"},"filename":"/Users/runner/work/xet-core/xet-core/xet_runtime/src/utils/configuration_utils.rs","line_number":53}
{"timestamp":"2026-05-10T11:20:12.265817Z","level":"INFO","fields":{"message":"Config: default_prefix = \"default\" (default)"},"filename":"/Users/runner/work/xet-core/xet-core/xet_runtime/src/utils/configuration_utils.rs","line_number":53}
{"timestamp":"2026-05-10T11:20:12.265819Z","level":"INFO","fields":{"message":"Config: staging_subdir = \"staging\" (default)"},"filename":"/Users/runner/work/xet-core/xet-core/xet_runtime/src/utils/configuration_utils.rs","line_number":53}
{"timestamp":"2026-05-10T11:20:12.265821Z","level":"INFO","fields":{"message":"Config: target_size = 67108864 (default)"},"filename":"/Users/runner/work/xet-core/xet-core/xet_runtime/src/utils/configuration_utils.rs","line_number":53}
{"timestamp":"2026-05-10T11:20:12.265823Z","level":"INFO","fields":{"message":"Config: max_target_size = 67108864 (default)"},"filename":"/Users/runner/work/xet-core/xet-core/xet_runtime/src/utils/configuration_utils.rs","line_number":53}
{"timestamp":"2026-05-10T11:20:12.265826Z","level":"INFO","fields":{"message":"Config: cache_size_limit = 16GB (default)"},"filename":"/Users/runner/work/xet-core/xet-core/xet_runtime/src/utils/configuration_utils.rs","line_number":53}
{"timestamp":"2026-05-10T11:20:12.265828Z","level":"INFO","fields":{"message":"Config: chunk_index_table_max_size = 67108864 (default)"},"filename":"/Users/runner/work/xet-core/xet-core/xet_runtime/src/utils/configuration_utils.rs","line_number":53}
{"timestamp":"2026-05-10T11:20:12.265830Z","level":"INFO","fields":{"message":"Config: cache_subdir = \"shard-cache\" (default)"},"filename":"/Users/runner/work/xet-core/xet-core/xet_runtime/src/utils/configuration_utils.rs","line_number":53}
{"timestamp":"2026-05-10T11:20:12.265832Z","level":"INFO","fields":{"message":"Config: nranges_in_streaming_fragmentation_estimator = 128 (default)"},"filename":"/Users/runner/work/xet-core/xet-core/xet_runtime/src/utils/configuration_utils.rs","line_number":53}
{"timestamp":"2026-05-10T11:20:12.265835Z","level":"INFO","fields":{"message":"Config: min_n_chunks_per_range_hysteresis_factor = 0.5 (default)"},"filename":"/Users/runner/work/xet-core/xet-core/xet_runtime/src/utils/configuration_utils.rs","line_number":53}
{"timestamp":"2026-05-10T11:20:12.265839Z","level":"INFO","fields":{"message":"Config: min_n_chunks_per_range = 8.0 (default)"},"filename":"/Users/runner/work/xet-core/xet-core/xet_runtime/src/utils/configuration_utils.rs","line_number":53}
{"timestamp":"2026-05-10T11:20:12.265842Z","level":"INFO","fields":{"message":"Config: global_dedup_query_enabled = true (default)"},"filename":"/Users/runner/work/xet-core/xet-core/xet_runtime/src/utils/configuration_utils.rs","line_number":53}
{"timestamp":"2026-05-10T11:20:12.265844Z","level":"INFO","fields":{"message":"Config: size_bytes = 0 (default)"},"filename":"/Users/runner/work/xet-core/xet-core/xet_runtime/src/utils/configuration_utils.rs","line_number":53}
{"timestamp":"2026-05-10T11:20:12.265846Z","level":"INFO","fields":{"message":"Config: retry_max_attempts = 5 (default)"},"filename":"/Users/runner/work/xet-core/xet-core/xet_runtime/src/utils/configuration_utils.rs","line_number":53}
{"timestamp":"2026-05-10T11:20:12.265848Z","level":"INFO","fields":{"message":"Config: retry_base_delay = 3s (default)"},"filename":"/Users/runner/work/xet-core/xet-core/xet_runtime/src/utils/configuration_utils.rs","line_number":53}
{"timestamp":"2026-05-10T11:20:12.265850Z","level":"INFO","fields":{"message":"Config: retry_max_duration = 360s (default)"},"filename":"/Users/runner/work/xet-core/xet-core/xet_runtime/src/utils/configuration_utils.rs","line_number":53}
{"timestamp":"2026-05-10T11:20:12.265852Z","level":"INFO","fields":{"message":"Config: idle_connection_timeout = 60s (default)"},"filename":"/Users/runner/work/xet-core/xet-core/xet_runtime/src/utils/configuration_utils.rs","line_number":53}
{"timestamp":"2026-05-10T11:20:12.265854Z","level":"INFO","fields":{"message":"Config: max_idle_connections = 16 (default)"},"filename":"/Users/runner/work/xet-core/xet-core/xet_runtime/src/utils/configuration_utils.rs","line_number":53}
{"timestamp":"2026-05-10T11:20:12.265855Z","level":"INFO","fields":{"message":"Config: connect_timeout = 60s (default)"},"filename":"/Users/runner/work/xet-core/xet-core/xet_runtime/src/utils/configuration_utils.rs","line_number":53}
{"timestamp":"2026-05-10T11:20:12.265857Z","level":"INFO","fields":{"message":"Config: read_timeout = 120s (default)"},"filename":"/Users/runner/work/xet-core/xet-core/xet_runtime/src/utils/configuration_utils.rs","line_number":53}
{"timestamp":"2026-05-10T11:20:12.265859Z","level":"INFO","fields":{"message":"Config: upload_reporting_block_size = 524288 (default)"},"filename":"/Users/runner/work/xet-core/xet-core/xet_runtime/src/utils/configuration_utils.rs","line_number":53}
{"timestamp":"2026-05-10T11:20:12.265861Z","level":"INFO","fields":{"message":"Config: enable_adaptive_concurrency = true (default)"},"filename":"/Users/runner/work/xet-core/xet-core/xet_runtime/src/utils/configuration_utils.rs","line_number":53}
{"timestamp":"2026-05-10T11:20:12.265863Z","level":"INFO","fields":{"message":"Config: ac_min_adjustment_window_ms = 500 (default)"},"filename":"/Users/runner/work/xet-core/xet-core/xet_runtime/src/utils/configuration_utils.rs","line_number":53}
{"timestamp":"2026-05-10T11:20:12.265865Z","level":"INFO","fields":{"message":"Config: ac_min_bytes_required_for_adjustment = 20MB (default)"},"filename":"/Users/runner/work/xet-core/xet-core/xet_runtime/src/utils/configuration_utils.rs","line_number":53}
{"timestamp":"2026-05-10T11:20:12.265867Z","level":"INFO","fields":{"message":"Config: ac_num_transmissions_required_for_adjustment = 1 (default)"},"filename":"/Users/runner/work/xet-core/xet-core/xet_runtime/src/utils/configuration_utils.rs","line_number":53}
{"timestamp":"2026-05-10T11:20:12.265870Z","level":"INFO","fields":{"message":"Config: ac_latency_rtt_half_life = 64.0 (default)"},"filename":"/Users/runner/work/xet-core/xet-core/xet_runtime/src/utils/configuration_utils.rs","line_number":53}
{"timestamp":"2026-05-10T11:20:12.265877Z","level":"INFO","fields":{"message":"Config: ac_success_tracking_half_life = 8.0 (default)"},"filename":"/Users/runner/work/xet-core/xet-core/xet_runtime/src/utils/configuration_utils.rs","line_number":53}
{"timestamp":"2026-05-10T11:20:12.265879Z","level":"INFO","fields":{"message":"Config: ac_target_rtt = 60s (default)"},"filename":"/Users/runner/work/xet-core/xet-core/xet_runtime/src/utils/configuration_utils.rs","line_number":53}
{"timestamp":"2026-05-10T11:20:12.265881Z","level":"INFO","fields":{"message":"Config: ac_max_healthy_rtt = 90s (default)"},"filename":"/Users/runner/work/xet-core/xet-core/xet_runtime/src/utils/configuration_utils.rs","line_number":53}
{"timestamp":"2026-05-10T11:20:12.265883Z","level":"INFO","fields":{"message":"Config: ac_rtt_success_max_quantile = 0.95 (default)"},"filename":"/Users/runner/work/xet-core/xet-core/xet_runtime/src/utils/configuration_utils.rs","line_number":53}
{"timestamp":"2026-05-10T11:20:12.265885Z","level":"INFO","fields":{"message":"Config: ac_healthy_success_ratio_threshold = 0.8 (default)"},"filename":"/Users/runner/work/xet-core/xet-core/xet_runtime/src/utils/configuration_utils.rs","line_number":53}
{"timestamp":"2026-05-10T11:20:12.265887Z","level":"INFO","fields":{"message":"Config: ac_unhealthy_success_ratio_threshold = 0.5 (default)"},"filename":"/Users/runner/work/xet-core/xet-core/xet_runtime/src/utils/configuration_utils.rs","line_number":53}
{"timestamp":"2026-05-10T11:20:12.265889Z","level":"INFO","fields":{"message":"Config: ac_max_reference_transmission_size = 64MB (default)"},"filename":"/Users/runner/work/xet-core/xet-core/xet_runtime/src/utils/configuration_utils.rs","line_number":53}
{"timestamp":"2026-05-10T11:20:12.265891Z","level":"INFO","fields":{"message":"Config: ac_min_reference_transmission_size = 1MB (default)"},"filename":"/Users/runner/work/xet-core/xet-core/xet_runtime/src/utils/configuration_utils.rs","line_number":53}
{"timestamp":"2026-05-10T11:20:12.265893Z","level":"INFO","fields":{"message":"Config: ac_logging_interval_ms = 10000 (default)"},"filename":"/Users/runner/work/xet-core/xet-core/xet_runtime/src/utils/configuration_utils.rs","line_number":53}
{"timestamp":"2026-05-10T11:20:12.265895Z","level":"INFO","fields":{"message":"Config: ac_max_upload_concurrency = 64 (default)"},"filename":"/Users/runner/work/xet-core/xet-core/xet_runtime/src/utils/configuration_utils.rs","line_number":53}
{"timestamp":"2026-05-10T11:20:12.265897Z","level":"INFO","fields":{"message":"Config: ac_min_upload_concurrency = 1 (default)"},"filename":"/Users/runner/work/xet-core/xet-core/xet_runtime/src/utils/configuration_utils.rs","line_number":53}
{"timestamp":"2026-05-10T11:20:12.265899Z","level":"INFO","fields":{"message":"Config: ac_initial_upload_concurrency = 2 (default)"},"filename":"/Users/runner/work/xet-core/xet-core/xet_runtime/src/utils/configuration_utils.rs","line_number":53}
{"timestamp":"2026-05-10T11:20:12.265901Z","level":"INFO","fields":{"message":"Config: ac_max_download_concurrency = 64 (default)"},"filename":"/Users/runner/work/xet-core/xet-core/xet_runtime/src/utils/configuration_utils.rs","line_number":53}
{"timestamp":"2026-05-10T11:20:12.265903Z","level":"INFO","fields":{"message":"Config: ac_min_download_concurrency = 1 (default)"},"filename":"/Users/runner/work/xet-core/xet-core/xet_runtime/src/utils/configuration_utils.rs","line_number":53}
{"timestamp":"2026-05-10T11:20:12.265905Z","level":"INFO","fields":{"message":"Config: ac_initial_download_concurrency = 4 (default)"},"filename":"/Users/runner/work/xet-core/xet-core/xet_runtime/src/utils/configuration_utils.rs","line_number":53}
{"timestamp":"2026-05-10T11:20:12.265907Z","level":"INFO","fields":{"message":"Config: unix_socket_path = None (default)"},"filename":"/Users/runner/work/xet-core/xet-core/xet_runtime/src/utils/configuration_utils.rs","line_number":53}
{"timestamp":"2026-05-10T11:20:12.265909Z","level":"INFO","fields":{"message":"Config: reconstruction_api_version = None (default)"},"filename":"/Users/runner/work/xet-core/xet-core/xet_runtime/src/utils/configuration_utils.rs","line_number":53}
{"timestamp":"2026-05-10T11:20:12.265919Z","level":"INFO","fields":{"message":"Config: enable_multirange_fetching = false (default)"},"filename":"/Users/runner/work/xet-core/xet-core/xet_runtime/src/utils/configuration_utils.rs","line_number":53}
{"timestamp":"2026-05-10T11:20:12.265921Z","level":"INFO","fields":{"message":"Config: dest = None (default)"},"filename":"/Users/runner/work/xet-core/xet-core/xet_runtime/src/utils/configuration_utils.rs","line_number":53}
{"timestamp":"2026-05-10T11:20:12.265923Z","level":"INFO","fields":{"message":"Config: format = None (default)"},"filename":"/Users/runner/work/xet-core/xet-core/xet_runtime/src/utils/configuration_utils.rs","line_number":53}
{"timestamp":"2026-05-10T11:20:12.265926Z","level":"INFO","fields":{"message":"Config: prefix = \"xet\" (default)"},"filename":"/Users/runner/work/xet-core/xet-core/xet_runtime/src/utils/configuration_utils.rs","line_number":53}
{"timestamp":"2026-05-10T11:20:12.265928Z","level":"INFO","fields":{"message":"Config: dir_disable_cleanup = false (default)"},"filename":"/Users/runner/work/xet-core/xet-core/xet_runtime/src/utils/configuration_utils.rs","line_number":53}
{"timestamp":"2026-05-10T11:20:12.265930Z","level":"INFO","fields":{"message":"Config: dir_max_size = 250MB (default)"},"filename":"/Users/runner/work/xet-core/xet-core/xet_runtime/src/utils/configuration_utils.rs","line_number":53}
{"timestamp":"2026-05-10T11:20:12.265932Z","level":"INFO","fields":{"message":"Config: dir_min_deletion_age = 86400s (default)"},"filename":"/Users/runner/work/xet-core/xet-core/xet_runtime/src/utils/configuration_utils.rs","line_number":53}
{"timestamp":"2026-05-10T11:20:12.265934Z","level":"INFO","fields":{"message":"Config: dir_max_retention_age = 1209600s (default)"},"filename":"/Users/runner/work/xet-core/xet-core/xet_runtime/src/utils/configuration_utils.rs","line_number":53}
{"timestamp":"2026-05-10T11:20:12.265936Z","level":"INFO","fields":{"message":"Config: min_reconstruction_fetch_size = 256MB (default)"},"filename":"/Users/runner/work/xet-core/xet-core/xet_runtime/src/utils/configuration_utils.rs","line_number":53}
{"timestamp":"2026-05-10T11:20:12.265938Z","level":"INFO","fields":{"message":"Config: max_reconstruction_fetch_size = 8GB (default)"},"filename":"/Users/runner/work/xet-core/xet-core/xet_runtime/src/utils/configuration_utils.rs","line_number":53}
{"timestamp":"2026-05-10T11:20:12.265941Z","level":"INFO","fields":{"message":"Config: download_buffer_size = 2GB (default)"},"filename":"/Users/runner/work/xet-core/xet-core/xet_runtime/src/utils/configuration_utils.rs","line_number":53}
{"timestamp":"2026-05-10T11:20:12.265943Z","level":"INFO","fields":{"message":"Config: download_buffer_perfile_size = 512MB (default)"},"filename":"/Users/runner/work/xet-core/xet-core/xet_runtime/src/utils/configuration_utils.rs","line_number":53}
{"timestamp":"2026-05-10T11:20:12.265945Z","level":"INFO","fields":{"message":"Config: download_buffer_limit = 8GB (default)"},"filename":"/Users/runner/work/xet-core/xet-core/xet_runtime/src/utils/configuration_utils.rs","line_number":53}
{"timestamp":"2026-05-10T11:20:12.265947Z","level":"INFO","fields":{"message":"Config: completion_rate_estimator_half_life = 4.0 (default)"},"filename":"/Users/runner/work/xet-core/xet-core/xet_runtime/src/utils/configuration_utils.rs","line_number":53}
{"timestamp":"2026-05-10T11:20:12.265949Z","level":"INFO","fields":{"message":"Config: target_block_completion_time = 900s (default)"},"filename":"/Users/runner/work/xet-core/xet-core/xet_runtime/src/utils/configuration_utils.rs","line_number":53}
{"timestamp":"2026-05-10T11:20:12.265951Z","level":"INFO","fields":{"message":"Config: min_prefetch_buffer = 1GB (default)"},"filename":"/Users/runner/work/xet-core/xet-core/xet_runtime/src/utils/configuration_utils.rs","line_number":53}
{"timestamp":"2026-05-10T11:20:12.265953Z","level":"INFO","fields":{"message":"Config: use_vectored_write = true (default)"},"filename":"/Users/runner/work/xet-core/xet-core/xet_runtime/src/utils/configuration_utils.rs","line_number":53}
{"timestamp":"2026-05-10T11:20:12.265955Z","level":"INFO","fields":{"message":"Config: compression_scheme_retest_interval = 32 (default)"},"filename":"/Users/runner/work/xet-core/xet-core/xet_runtime/src/utils/configuration_utils.rs","line_number":53}
{"timestamp":"2026-05-10T11:20:12.265958Z","level":"INFO","fields":{"message":"Config: compression_policy = \"auto\" (default)"},"filename":"/Users/runner/work/xet-core/xet-core/xet_runtime/src/utils/config_enum.rs","line_number":174}
{"timestamp":"2026-05-10T11:20:12.265961Z","level":"INFO","fields":{"message":"Config: simulation_max_bytes = None (default)"},"filename":"/Users/runner/work/xet-core/xet-core/xet_runtime/src/utils/configuration_utils.rs","line_number":53}
{"timestamp":"2026-05-10T11:20:12.265963Z","level":"INFO","fields":{"message":"Config: simulation_max_chunks = None (default)"},"filename":"/Users/runner/work/xet-core/xet-core/xet_runtime/src/utils/configuration_utils.rs","line_number":53}
{"timestamp":"2026-05-10T11:20:12.265970Z","level":"INFO","fields":{"message":"Config: dir_name = \"shard-session\" (default)"},"filename":"/Users/runner/work/xet-core/xet-core/xet_runtime/src/utils/configuration_utils.rs","line_number":53}
{"timestamp":"2026-05-10T11:20:12.265973Z","level":"INFO","fields":{"message":"Config: enabled = false (default)"},"filename":"/Users/runner/work/xet-core/xet-core/xet_runtime/src/utils/configuration_utils.rs","line_number":53}
{"timestamp":"2026-05-10T11:20:12.265975Z","level":"INFO","fields":{"message":"Config: sample_interval = 5s (default)"},"filename":"/Users/runner/work/xet-core/xet-core/xet_runtime/src/utils/configuration_utils.rs","line_number":53}
{"timestamp":"2026-05-10T11:20:12.266002Z","level":"INFO","fields":{"message":"Config: log_path = None (default)"},"filename":"/Users/runner/work/xet-core/xet-core/xet_runtime/src/utils/configuration_utils.rs","line_number":53}
{"timestamp":"2026-05-10T11:20:12.266038Z","level":"INFO","fields":{"message":"Using 14 async threads for tokio runtime"},"filename":"/Users/runner/work/xet-core/xet-core/xet_runtime/src/core/runtime.rs","line_number":70}
{"timestamp":"2026-05-10T11:20:12.266878Z","level":"INFO","fields":{"message":"TranslatorConfig initialized","endpoint":"https://cas-server.xethub.hf.co","session_id":"Some(\"019e119d-c2ea-7d13-a3d1-aabdbe470086\")","shard_cache":"/Users/prajana/Desktop/final_year/weights/.cache/xet/https___cas_serv-tGqkUaZf_CBPHQ6h/shard-cache","shard_session":"/Users/prajana/Desktop/final_year/weights/.cache/xet/https___cas_serv-tGqkUaZf_CBPHQ6h/staging/shard-session"},"filename":"/Users/runner/work/xet-core/xet-core/xet_data/src/processing/configurations.rs","line_number":115,"span":{"num_files":1,"name":"data_client::download"},"spans":[{"num_files":1,"name":"data_client::download"}]}
{"timestamp":"2026-05-10T11:20:12.267541Z","level":"INFO","fields":{"message":"HTTP client configured","idle_timeout":"60s","max_idle_connections":16,"custom_headers":"Some({\"user-agent\": \"unknown/None; hf_hub/1.14.0; python/3.11.14; torch/2.11.0; hf_xet/1.5.0\"})"},"filename":"/Users/runner/work/xet-core/xet-core/xet_client/src/common/http_client.rs","line_number":187,"span":{"num_files":1,"session_id":"019e119d-c2ea-7d13-a3d1-aabdbe470086","name":"data_client::download"},"spans":[{"num_files":1,"session_id":"019e119d-c2ea-7d13-a3d1-aabdbe470086","name":"data_client::download"}]}
{"timestamp":"2026-05-10T11:20:12.267571Z","level":"INFO","fields":{"message":"CAS auth disabled","caller":"/Users/runner/work/xet-core/xet-core/xet_client/src/common/http_client.rs:166"},"filename":"/Users/runner/work/xet-core/xet-core/xet_runtime/src/error_printer/mod.rs","line_number":198,"span":{"num_files":1,"session_id":"019e119d-c2ea-7d13-a3d1-aabdbe470086","name":"data_client::download"},"spans":[{"num_files":1,"session_id":"019e119d-c2ea-7d13-a3d1-aabdbe470086","name":"data_client::download"}]}
{"timestamp":"2026-05-10T11:20:12.267582Z","level":"INFO","fields":{"message":"HTTP client configured","idle_timeout":"60s","max_idle_connections":16,"custom_headers":"Some({\"user-agent\": \"unknown/None; hf_hub/1.14.0; python/3.11.14; torch/2.11.0; hf_xet/1.5.0\"})"},"filename":"/Users/runner/work/xet-core/xet-core/xet_client/src/common/http_client.rs","line_number":187,"span":{"num_files":1,"session_id":"019e119d-c2ea-7d13-a3d1-aabdbe470086","name":"data_client::download"},"spans":[{"num_files":1,"session_id":"019e119d-c2ea-7d13-a3d1-aabdbe470086","name":"data_client::download"}]}
{"timestamp":"2026-05-10T11:20:12.267822Z","level":"INFO","fields":{"message":"No-read-timeout HTTP client configured (for shard uploads)","connect_timeout":"60s"},"filename":"/Users/runner/work/xet-core/xet-core/xet_client/src/common/http_client.rs","line_number":136,"span":{"num_files":1,"session_id":"019e119d-c2ea-7d13-a3d1-aabdbe470086","name":"data_client::download"},"spans":[{"num_files":1,"session_id":"019e119d-c2ea-7d13-a3d1-aabdbe470086","name":"data_client::download"}]}
{"timestamp":"2026-05-10T11:20:12.267844Z","level":"INFO","fields":{"message":"Initializing Adaptive Concurrency Controller for upload with starting concurrency = 2; min = 1, max = 64, min_bytes_for_adjustment = 20000000, min_completed_transmissions_for_adjustment = 1"},"filename":"/Users/runner/work/xet-core/xet-core/xet_client/src/cas_client/adaptive_concurrency/controller.rs","line_number":301,"span":{"num_files":1,"session_id":"019e119d-c2ea-7d13-a3d1-aabdbe470086","name":"data_client::download"},"spans":[{"num_files":1,"session_id":"019e119d-c2ea-7d13-a3d1-aabdbe470086","name":"data_client::download"}]}
{"timestamp":"2026-05-10T11:20:12.267853Z","level":"INFO","fields":{"message":"Initializing Adaptive Concurrency Controller for download with starting concurrency = 4; min = 1, max = 64, min_bytes_for_adjustment = 20000000, min_completed_transmissions_for_adjustment = 1"},"filename":"/Users/runner/work/xet-core/xet-core/xet_client/src/cas_client/adaptive_concurrency/controller.rs","line_number":301,"span":{"num_files":1,"session_id":"019e119d-c2ea-7d13-a3d1-aabdbe470086","name":"data_client::download"},"spans":[{"num_files":1,"session_id":"019e119d-c2ea-7d13-a3d1-aabdbe470086","name":"data_client::download"}]}
{"timestamp":"2026-05-10T11:20:12.267907Z","level":"INFO","fields":{"message":"Reconstructing file to disk","file_hash":"0edf4d9cb347e5c77fb702f23c34dfca6be2713d656d71c46a74d8d3cf156730","byte_range":"None","path":"/Users/prajana/Desktop/final_year/weights/.cache/huggingface/download/xGOKKLRSlIhH692hSVvI1-gpoa8=.d6cd38286885bc29fa487ea9383f80ffeb95862e7747c630d42c5d3c05bdd35a.incomplete","write_offset":"None"},"filename":"/Users/runner/work/xet-core/xet-core/xet_data/src/file_reconstruction/file_reconstructor.rs","line_number":121}
{"timestamp":"2026-05-10T11:20:12.268893Z","level":"INFO","fields":{"message":"Scheduling prefetch block","file_hash":"0edf4d9cb347e5c77fb702f23c34dfca6be2713d656d71c46a74d8d3cf156730","prefetch_range":"(0, 256000000)","requested_block_size":256000000,"actual_block_size":256000000,"queue_depth":1},"filename":"/Users/runner/work/xet-core/xet-core/xet_data/src/file_reconstruction/reconstruction_terms/manager.rs","line_number":272}
{"timestamp":"2026-05-10T11:20:12.268921Z","level":"INFO","fields":{"message":"Scheduling prefetch block","file_hash":"0edf4d9cb347e5c77fb702f23c34dfca6be2713d656d71c46a74d8d3cf156730","prefetch_range":"(256000000, 768000000)","requested_block_size":512000000,"actual_block_size":512000000,"queue_depth":2},"filename":"/Users/runner/work/xet-core/xet-core/xet_data/src/file_reconstruction/reconstruction_terms/manager.rs","line_number":272}
{"timestamp":"2026-05-10T11:20:12.268931Z","level":"INFO","fields":{"message":"Scheduling prefetch block","file_hash":"0edf4d9cb347e5c77fb702f23c34dfca6be2713d656d71c46a74d8d3cf156730","prefetch_range":"(768000000, 1024000000)","requested_block_size":256000000,"actual_block_size":256000000,"queue_depth":3},"filename":"/Users/runner/work/xet-core/xet-core/xet_data/src/file_reconstruction/reconstruction_terms/manager.rs","line_number":272}
{"timestamp":"2026-05-10T11:20:12.268968Z","level":"INFO","fields":{"message":"Starting get_reconstruction API call","call_id":1,"file_id":"0edf4d9cb347e5c77fb702f23c34dfca6be2713d656d71c46a74d8d3cf156730","bytes_range":"Some(Range { start: 768000000, end: 1024000000 })","api_version":"v2"},"filename":"/Users/runner/work/xet-core/xet-core/xet_client/src/cas_client/remote_client.rs","line_number":208}
{"timestamp":"2026-05-10T11:20:12.268977Z","level":"INFO","fields":{"message":"Retry strategy","max_attempts":5,"base_delay":"3s","no_retry_on_429":false},"filename":"/Users/runner/work/xet-core/xet-core/xet_client/src/cas_client/retry_wrapper.rs","line_number":235}
{"timestamp":"2026-05-10T11:20:12.268969Z","level":"INFO","fields":{"message":"Starting get_reconstruction API call","call_id":2,"file_id":"0edf4d9cb347e5c77fb702f23c34dfca6be2713d656d71c46a74d8d3cf156730","bytes_range":"Some(Range { start: 0, end: 256000000 })","api_version":"v2"},"filename":"/Users/runner/work/xet-core/xet-core/xet_client/src/cas_client/remote_client.rs","line_number":208}
{"timestamp":"2026-05-10T11:20:12.268982Z","level":"INFO","fields":{"message":"Retry strategy","max_attempts":5,"base_delay":"3s","no_retry_on_429":false},"filename":"/Users/runner/work/xet-core/xet-core/xet_client/src/cas_client/retry_wrapper.rs","line_number":235}
{"timestamp":"2026-05-10T11:20:12.268979Z","level":"INFO","fields":{"message":"Starting get_reconstruction API call","call_id":3,"file_id":"0edf4d9cb347e5c77fb702f23c34dfca6be2713d656d71c46a74d8d3cf156730","bytes_range":"Some(Range { start: 256000000, end: 768000000 })","api_version":"v2"},"filename":"/Users/runner/work/xet-core/xet-core/xet_client/src/cas_client/remote_client.rs","line_number":208}
{"timestamp":"2026-05-10T11:20:12.268990Z","level":"INFO","fields":{"message":"Retry strategy","max_attempts":5,"base_delay":"3s","no_retry_on_429":false},"filename":"/Users/runner/work/xet-core/xet-core/xet_client/src/cas_client/retry_wrapper.rs","line_number":235}
{"timestamp":"2026-05-10T11:20:14.557619Z","level":"INFO","fields":{"message":"Received CAS response","request_id":"01KR8SVJ72WDSM836V7ZZBDX5R","status_code":200},"filename":"/Users/runner/work/xet-core/xet-core/xet_client/src/common/http_client.rs","line_number":288}
{"timestamp":"2026-05-10T11:20:14.557663Z","level":"INFO","fields":{"message":"Request Success: cas::get_reconstruction_v2 api call succeeded (request id 01KR8SVJ72WDSM836V7ZZBDX5R)."},"filename":"/Users/runner/work/xet-core/xet-core/xet_client/src/cas_client/retry_wrapper.rs","line_number":196}
{"timestamp":"2026-05-10T11:20:14.763691Z","level":"INFO","fields":{"message":"Received CAS response","request_id":"01KR8SVJ9HXN3HJNYAQT7TFBYQ","status_code":200},"filename":"/Users/runner/work/xet-core/xet-core/xet_client/src/common/http_client.rs","line_number":288}
{"timestamp":"2026-05-10T11:20:14.763732Z","level":"INFO","fields":{"message":"Request Success: cas::get_reconstruction_v2 api call succeeded (request id 01KR8SVJ9HXN3HJNYAQT7TFBYQ)."},"filename":"/Users/runner/work/xet-core/xet-core/xet_client/src/cas_client/retry_wrapper.rs","line_number":196}
{"timestamp":"2026-05-10T11:20:14.794613Z","level":"INFO","fields":{"message":"Received CAS response","request_id":"01KR8SVJ7XEFMTFE9G6EHKNDY4","status_code":200},"filename":"/Users/runner/work/xet-core/xet-core/xet_client/src/common/http_client.rs","line_number":288}
{"timestamp":"2026-05-10T11:20:14.794644Z","level":"INFO","fields":{"message":"Request Success: cas::get_reconstruction_v2 api call succeeded (request id 01KR8SVJ7XEFMTFE9G6EHKNDY4)."},"filename":"/Users/runner/work/xet-core/xet-core/xet_client/src/cas_client/retry_wrapper.rs","line_number":196}
{"timestamp":"2026-05-10T11:20:14.923366Z","level":"INFO","fields":{"message":"Completed get_reconstruction API call","call_id":2,"file_id":"0edf4d9cb347e5c77fb702f23c34dfca6be2713d656d71c46a74d8d3cf156730","bytes_range":"Some(Range { start: 0, end: 256000000 })","api_version":"v2"},"filename":"/Users/runner/work/xet-core/xet-core/xet_client/src/cas_client/remote_client.rs","line_number":232}
{"timestamp":"2026-05-10T11:20:14.923595Z","level":"INFO","fields":{"message":"Received block of file terms from prefetch queue","file_hash":"0edf4d9cb347e5c77fb702f23c34dfca6be2713d656d71c46a74d8d3cf156730","domain":"transfer.xethub.hf.co","block_start":0,"block_end":256000000,"block_size":316},"filename":"/Users/runner/work/xet-core/xet-core/xet_data/src/file_reconstruction/reconstruction_terms/manager.rs","line_number":151}
{"timestamp":"2026-05-10T11:20:14.923647Z","level":"INFO","fields":{"message":"Retry strategy","max_attempts":5,"base_delay":"3s","no_retry_on_429":false},"filename":"/Users/runner/work/xet-core/xet-core/xet_client/src/cas_client/retry_wrapper.rs","line_number":235}
{"timestamp":"2026-05-10T11:20:14.923657Z","level":"INFO","fields":{"message":"Retry strategy","max_attempts":5,"base_delay":"3s","no_retry_on_429":false},"filename":"/Users/runner/work/xet-core/xet-core/xet_client/src/cas_client/retry_wrapper.rs","line_number":235}
{"timestamp":"2026-05-10T11:20:14.923664Z","level":"INFO","fields":{"message":"Retry strategy","max_attempts":5,"base_delay":"3s","no_retry_on_429":false},"filename":"/Users/runner/work/xet-core/xet-core/xet_client/src/cas_client/retry_wrapper.rs","line_number":235}
{"timestamp":"2026-05-10T11:20:14.923744Z","level":"INFO","fields":{"message":"Retry strategy","max_attempts":5,"base_delay":"3s","no_retry_on_429":false},"filename":"/Users/runner/work/xet-core/xet-core/xet_client/src/cas_client/retry_wrapper.rs","line_number":235}
{"timestamp":"2026-05-10T11:20:14.923949Z","level":"INFO","fields":{"message":"Updated completion rate estimate based on previous block completion time (seconds).","file_hash":"0edf4d9cb347e5c77fb702f23c34dfca6be2713d656d71c46a74d8d3cf156730","block_start":0,"block_end":256000000,"block_size":256000000,"completion_time":0.0003535},"filename":"/Users/runner/work/xet-core/xet-core/xet_data/src/file_reconstruction/reconstruction_terms/manager.rs","line_number":104}
{"timestamp":"2026-05-10T11:20:14.923960Z","level":"INFO","fields":{"message":"Scheduling prefetch block","file_hash":"0edf4d9cb347e5c77fb702f23c34dfca6be2713d656d71c46a74d8d3cf156730","prefetch_range":"(1024000000, 9024000000)","requested_block_size":8000000000,"actual_block_size":8000000000,"queue_depth":3},"filename":"/Users/runner/work/xet-core/xet-core/xet_data/src/file_reconstruction/reconstruction_terms/manager.rs","line_number":272}
{"timestamp":"2026-05-10T11:20:14.923973Z","level":"INFO","fields":{"message":"Starting get_reconstruction API call","call_id":4,"file_id":"0edf4d9cb347e5c77fb702f23c34dfca6be2713d656d71c46a74d8d3cf156730","bytes_range":"Some(Range { start: 1024000000, end: 9024000000 })","api_version":"v2"},"filename":"/Users/runner/work/xet-core/xet-core/xet_client/src/cas_client/remote_client.rs","line_number":208}
{"timestamp":"2026-05-10T11:20:14.923977Z","level":"INFO","fields":{"message":"Retry strategy","max_attempts":5,"base_delay":"3s","no_retry_on_429":false},"filename":"/Users/runner/work/xet-core/xet-core/xet_client/src/cas_client/retry_wrapper.rs","line_number":235}
{"timestamp":"2026-05-10T11:20:15.191261Z","level":"INFO","fields":{"message":"Completed get_reconstruction API call","call_id":1,"file_id":"0edf4d9cb347e5c77fb702f23c34dfca6be2713d656d71c46a74d8d3cf156730","bytes_range":"Some(Range { start: 768000000, end: 1024000000 })","api_version":"v2"},"filename":"/Users/runner/work/xet-core/xet-core/xet_client/src/cas_client/remote_client.rs","line_number":232}
{"timestamp":"2026-05-10T11:20:15.617411Z","level":"INFO","fields":{"message":"Completed get_reconstruction API call","call_id":3,"file_id":"0edf4d9cb347e5c77fb702f23c34dfca6be2713d656d71c46a74d8d3cf156730","bytes_range":"Some(Range { start: 256000000, end: 768000000 })","api_version":"v2"},"filename":"/Users/runner/work/xet-core/xet-core/xet_client/src/cas_client/remote_client.rs","line_number":232}
{"timestamp":"2026-05-10T11:20:15.618400Z","level":"INFO","fields":{"message":"Received block of file terms from prefetch queue","file_hash":"0edf4d9cb347e5c77fb702f23c34dfca6be2713d656d71c46a74d8d3cf156730","domain":"transfer.xethub.hf.co","block_start":256000000,"block_end":768000000,"block_size":610},"filename":"/Users/runner/work/xet-core/xet-core/xet_data/src/file_reconstruction/reconstruction_terms/manager.rs","line_number":151}
{"timestamp":"2026-05-10T11:20:15.620236Z","level":"INFO","fields":{"message":"Updated completion rate estimate based on previous block completion time (seconds).","file_hash":"0edf4d9cb347e5c77fb702f23c34dfca6be2713d656d71c46a74d8d3cf156730","block_start":256000000,"block_end":768000000,"block_size":512000000,"completion_time":0.001835458},"filename":"/Users/runner/work/xet-core/xet-core/xet_data/src/file_reconstruction/reconstruction_terms/manager.rs","line_number":104}
{"timestamp":"2026-05-10T11:20:15.620259Z","level":"INFO","fields":{"message":"Scheduling prefetch block","file_hash":"0edf4d9cb347e5c77fb702f23c34dfca6be2713d656d71c46a74d8d3cf156730","prefetch_range":"(9024000000, 17024000000)","requested_block_size":8000000000,"actual_block_size":8000000000,"queue_depth":3},"filename":"/Users/runner/work/xet-core/xet-core/xet_data/src/file_reconstruction/reconstruction_terms/manager.rs","line_number":272}
{"timestamp":"2026-05-10T11:20:15.620299Z","level":"INFO","fields":{"message":"Received block of file terms from prefetch queue","file_hash":"0edf4d9cb347e5c77fb702f23c34dfca6be2713d656d71c46a74d8d3cf156730","domain":"transfer.xethub.hf.co","block_start":768000000,"block_end":1024000000,"block_size":305},"filename":"/Users/runner/work/xet-core/xet-core/xet_data/src/file_reconstruction/reconstruction_terms/manager.rs","line_number":151}
{"timestamp":"2026-05-10T11:20:15.620348Z","level":"INFO","fields":{"message":"Starting get_reconstruction API call","call_id":5,"file_id":"0edf4d9cb347e5c77fb702f23c34dfca6be2713d656d71c46a74d8d3cf156730","bytes_range":"Some(Range { start: 9024000000, end: 17024000000 })","api_version":"v2"},"filename":"/Users/runner/work/xet-core/xet-core/xet_client/src/cas_client/remote_client.rs","line_number":208}
{"timestamp":"2026-05-10T11:20:15.620368Z","level":"INFO","fields":{"message":"Retry strategy","max_attempts":5,"base_delay":"3s","no_retry_on_429":false},"filename":"/Users/runner/work/xet-core/xet-core/xet_client/src/cas_client/retry_wrapper.rs","line_number":235}
{"timestamp":"2026-05-10T11:20:15.621029Z","level":"INFO","fields":{"message":"Updated completion rate estimate based on previous block completion time (seconds).","file_hash":"0edf4d9cb347e5c77fb702f23c34dfca6be2713d656d71c46a74d8d3cf156730","block_start":768000000,"block_end":1024000000,"block_size":256000000,"completion_time":0.000729459},"filename":"/Users/runner/work/xet-core/xet-core/xet_data/src/file_reconstruction/reconstruction_terms/manager.rs","line_number":104}
{"timestamp":"2026-05-10T11:20:15.621045Z","level":"INFO","fields":{"message":"Scheduling prefetch block","file_hash":"0edf4d9cb347e5c77fb702f23c34dfca6be2713d656d71c46a74d8d3cf156730","prefetch_range":"(17024000000, 25024000000)","requested_block_size":8000000000,"actual_block_size":8000000000,"queue_depth":3},"filename":"/Users/runner/work/xet-core/xet-core/xet_data/src/file_reconstruction/reconstruction_terms/manager.rs","line_number":272}
{"timestamp":"2026-05-10T11:20:15.621068Z","level":"INFO","fields":{"message":"Starting get_reconstruction API call","call_id":6,"file_id":"0edf4d9cb347e5c77fb702f23c34dfca6be2713d656d71c46a74d8d3cf156730","bytes_range":"Some(Range { start: 17024000000, end: 25024000000 })","api_version":"v2"},"filename":"/Users/runner/work/xet-core/xet-core/xet_client/src/cas_client/remote_client.rs","line_number":208}
{"timestamp":"2026-05-10T11:20:15.621075Z","level":"INFO","fields":{"message":"Retry strategy","max_attempts":5,"base_delay":"3s","no_retry_on_429":false},"filename":"/Users/runner/work/xet-core/xet-core/xet_client/src/cas_client/retry_wrapper.rs","line_number":235}
{"timestamp":"2026-05-10T11:20:15.938775Z","level":"INFO","fields":{"message":"Received CAS response","request_id":"01KR8SVKRK5V6K5NFC4ARPZZM4","status_code":200},"filename":"/Users/runner/work/xet-core/xet-core/xet_client/src/common/http_client.rs","line_number":288}
{"timestamp":"2026-05-10T11:20:15.938815Z","level":"INFO","fields":{"message":"Request Success: cas::get_reconstruction_v2 api call succeeded (request id 01KR8SVKRK5V6K5NFC4ARPZZM4)."},"filename":"/Users/runner/work/xet-core/xet-core/xet_client/src/cas_client/retry_wrapper.rs","line_number":196}
{"timestamp":"2026-05-10T11:20:16.178525Z","level":"INFO","fields":{"message":"Received CAS response","request_id":"01KR8SVMENV8914FB1P48PK6XW","status_code":416},"filename":"/Users/runner/work/xet-core/xet-core/xet_client/src/common/http_client.rs","line_number":288}
{"timestamp":"2026-05-10T11:20:16.178544Z","level":"INFO","fields":{"message":"Reached end of reconstruction 416 (Range Not Satisfiable): \"cas::get_reconstruction_v2\" api call failed (request id 01KR8SVMENV8914FB1P48PK6XW): HTTP status client error (416 Range Not Satisfiable) for url (https://cas-server.xethub.hf.co/v2/reconstructions/0edf4d9cb347e5c77fb702f23c34dfca6be2713d656d71c46a74d8d3cf156730)"},"filename":"/Users/runner/work/xet-core/xet-core/xet_client/src/cas_client/retry_wrapper.rs","line_number":151}
{"timestamp":"2026-05-10T11:20:16.200218Z","level":"INFO","fields":{"message":"Received CAS response","request_id":"01KR8SVMF702JPZ5CR6XYRG9PF","status_code":416},"filename":"/Users/runner/work/xet-core/xet-core/xet_client/src/common/http_client.rs","line_number":288}
{"timestamp":"2026-05-10T11:20:16.200236Z","level":"INFO","fields":{"message":"Reached end of reconstruction 416 (Range Not Satisfiable): \"cas::get_reconstruction_v2\" api call failed (request id 01KR8SVMF702JPZ5CR6XYRG9PF): HTTP status client error (416 Range Not Satisfiable) for url (https://cas-server.xethub.hf.co/v2/reconstructions/0edf4d9cb347e5c77fb702f23c34dfca6be2713d656d71c46a74d8d3cf156730)"},"filename":"/Users/runner/work/xet-core/xet-core/xet_client/src/cas_client/retry_wrapper.rs","line_number":151}
{"timestamp":"2026-05-10T11:20:16.524734Z","level":"INFO","fields":{"message":"Received CAS response","request_id":"","status_code":206},"filename":"/Users/runner/work/xet-core/xet-core/xet_client/src/common/http_client.rs","line_number":288}
{"timestamp":"2026-05-10T11:20:16.524765Z","level":"INFO","fields":{"message":"Request Success: s3::get_range api call succeeded (request id )."},"filename":"/Users/runner/work/xet-core/xet-core/xet_client/src/cas_client/retry_wrapper.rs","line_number":196}
{"timestamp":"2026-05-10T11:20:16.548275Z","level":"INFO","fields":{"message":"Received CAS response","request_id":"","status_code":206},"filename":"/Users/runner/work/xet-core/xet-core/xet_client/src/common/http_client.rs","line_number":288}
{"timestamp":"2026-05-10T11:20:16.548291Z","level":"INFO","fields":{"message":"Request Success: s3::get_range api call succeeded (request id )."},"filename":"/Users/runner/work/xet-core/xet-core/xet_client/src/cas_client/retry_wrapper.rs","line_number":196}
{"timestamp":"2026-05-10T11:20:16.636828Z","level":"INFO","fields":{"message":"Received CAS response","request_id":"","status_code":206},"filename":"/Users/runner/work/xet-core/xet-core/xet_client/src/common/http_client.rs","line_number":288}
{"timestamp":"2026-05-10T11:20:16.636844Z","level":"INFO","fields":{"message":"Request Success: s3::get_range api call succeeded (request id )."},"filename":"/Users/runner/work/xet-core/xet-core/xet_client/src/cas_client/retry_wrapper.rs","line_number":196}
{"timestamp":"2026-05-10T11:20:16.695027Z","level":"INFO","fields":{"message":"Received CAS response","request_id":"","status_code":206},"filename":"/Users/runner/work/xet-core/xet-core/xet_client/src/common/http_client.rs","line_number":288}
{"timestamp":"2026-05-10T11:20:16.695038Z","level":"INFO","fields":{"message":"Request Success: s3::get_range api call succeeded (request id )."},"filename":"/Users/runner/work/xet-core/xet-core/xet_client/src/cas_client/retry_wrapper.rs","line_number":196}
{"timestamp":"2026-05-10T11:20:16.915283Z","level":"INFO","fields":{"message":"Completed get_reconstruction API call","call_id":4,"file_id":"0edf4d9cb347e5c77fb702f23c34dfca6be2713d656d71c46a74d8d3cf156730","bytes_range":"Some(Range { start: 1024000000, end: 9024000000 })","api_version":"v2"},"filename":"/Users/runner/work/xet-core/xet-core/xet_client/src/cas_client/remote_client.rs","line_number":232}
{"timestamp":"2026-05-10T11:20:16.916178Z","level":"INFO","fields":{"message":"Received block of file terms from prefetch queue","file_hash":"0edf4d9cb347e5c77fb702f23c34dfca6be2713d656d71c46a74d8d3cf156730","domain":"transfer.xethub.hf.co","block_start":1024000000,"block_end":1943668048,"block_size":1080},"filename":"/Users/runner/work/xet-core/xet-core/xet_data/src/file_reconstruction/reconstruction_terms/manager.rs","line_number":151}
{"timestamp":"2026-05-10T11:20:16.918017Z","level":"INFO","fields":{"message":"Updated completion rate estimate based on previous block completion time (seconds).","file_hash":"0edf4d9cb347e5c77fb702f23c34dfca6be2713d656d71c46a74d8d3cf156730","block_start":1024000000,"block_end":1943668048,"block_size":919668048,"completion_time":0.001839166},"filename":"/Users/runner/work/xet-core/xet-core/xet_data/src/file_reconstruction/reconstruction_terms/manager.rs","line_number":104}
{"timestamp":"2026-05-10T11:20:16.918033Z","level":"INFO","fields":{"message":"Completed prefetch queue; end of file reached.","file_hash":"0edf4d9cb347e5c77fb702f23c34dfca6be2713d656d71c46a74d8d3cf156730","prefetched_byte_position":25024000000},"filename":"/Users/runner/work/xet-core/xet-core/xet_data/src/file_reconstruction/reconstruction_terms/manager.rs","line_number":178}
{"timestamp":"2026-05-10T11:20:16.918037Z","level":"INFO","fields":{"message":"All term blocks received and scheduled for writing","file_hash":"0edf4d9cb347e5c77fb702f23c34dfca6be2713d656d71c46a74d8d3cf156730","block_count":4,"total_terms_processed":2311,"total_bytes_scheduled":1943668048},"filename":"/Users/runner/work/xet-core/xet-core/xet_data/src/file_reconstruction/run_state.rs","line_number":150}
{"timestamp":"2026-05-10T11:20:17.062115Z","level":"INFO","fields":{"message":"Retry strategy","max_attempts":5,"base_delay":"3s","no_retry_on_429":false},"filename":"/Users/runner/work/xet-core/xet-core/xet_client/src/cas_client/retry_wrapper.rs","line_number":235}
{"timestamp":"2026-05-10T11:20:17.277565Z","level":"INFO","fields":{"message":"Received CAS response","request_id":"","status_code":206},"filename":"/Users/runner/work/xet-core/xet-core/xet_client/src/common/http_client.rs","line_number":288}
{"timestamp":"2026-05-10T11:20:17.277610Z","level":"INFO","fields":{"message":"Request Success: s3::get_range api call succeeded (request id )."},"filename":"/Users/runner/work/xet-core/xet-core/xet_client/src/cas_client/retry_wrapper.rs","line_number":196}
{"timestamp":"2026-05-10T11:20:18.034764Z","level":"INFO","fields":{"message":"Retry strategy","max_attempts":5,"base_delay":"3s","no_retry_on_429":false},"filename":"/Users/runner/work/xet-core/xet-core/xet_client/src/cas_client/retry_wrapper.rs","line_number":235}
{"timestamp":"2026-05-10T11:20:18.454195Z","level":"INFO","fields":{"message":"Received CAS response","request_id":"","status_code":206},"filename":"/Users/runner/work/xet-core/xet-core/xet_client/src/common/http_client.rs","line_number":288}
{"timestamp":"2026-05-10T11:20:18.454216Z","level":"INFO","fields":{"message":"Request Success: s3::get_range api call succeeded (request id )."},"filename":"/Users/runner/work/xet-core/xet-core/xet_client/src/cas_client/retry_wrapper.rs","line_number":196}
{"timestamp":"2026-05-10T11:20:22.666622Z","level":"INFO","fields":{"message":"Concurrency control for download: Current concurrency = 4; predicted bandwidth = 684819; success_ratio = 1.000; reference_size = 61.0MB; observed bytes sent so far = 2666955; completed transmissions = 2"},"filename":"/Users/runner/work/xet-core/xet-core/xet_client/src/cas_client/adaptive_concurrency/controller.rs","line_number":597}
{"timestamp":"2026-05-10T11:20:34.737010Z","level":"INFO","fields":{"message":"Concurrency control for download: Current concurrency = 4; predicted bandwidth = 276499; success_ratio = 1.000; reference_size = 61.0MB; observed bytes sent so far = 3799651; completed transmissions = 2"},"filename":"/Users/runner/work/xet-core/xet-core/xet_client/src/cas_client/adaptive_concurrency/controller.rs","line_number":597}
{"timestamp":"2026-05-10T11:20:44.749419Z","level":"INFO","fields":{"message":"Concurrency control for download: Current concurrency = 4; predicted bandwidth = 183309; success_ratio = 1.000; reference_size = 61.0MB; observed bytes sent so far = 6555191; completed transmissions = 2"},"filename":"/Users/runner/work/xet-core/xet-core/xet_client/src/cas_client/adaptive_concurrency/controller.rs","line_number":597}
{"timestamp":"2026-05-10T11:20:44.761896Z","level":"INFO","fields":{"message":"Retry strategy","max_attempts":5,"base_delay":"3s","no_retry_on_429":false},"filename":"/Users/runner/work/xet-core/xet-core/xet_client/src/cas_client/retry_wrapper.rs","line_number":235}
{"timestamp":"2026-05-10T11:20:44.837684Z","level":"INFO","fields":{"message":"Received CAS response","request_id":"","status_code":206},"filename":"/Users/runner/work/xet-core/xet-core/xet_client/src/common/http_client.rs","line_number":288}
{"timestamp":"2026-05-10T11:20:44.837701Z","level":"INFO","fields":{"message":"Request Success: s3::get_range api call succeeded (request id )."},"filename":"/Users/runner/work/xet-core/xet-core/xet_client/src/cas_client/retry_wrapper.rs","line_number":196}
{"timestamp":"2026-05-10T11:20:45.848302Z","level":"INFO","fields":{"message":"Retry strategy","max_attempts":5,"base_delay":"3s","no_retry_on_429":false},"filename":"/Users/runner/work/xet-core/xet-core/xet_client/src/cas_client/retry_wrapper.rs","line_number":235}
{"timestamp":"2026-05-10T11:20:45.911270Z","level":"INFO","fields":{"message":"Received CAS response","request_id":"","status_code":206},"filename":"/Users/runner/work/xet-core/xet-core/xet_client/src/common/http_client.rs","line_number":288}
{"timestamp":"2026-05-10T11:20:45.911283Z","level":"INFO","fields":{"message":"Request Success: s3::get_range api call succeeded (request id )."},"filename":"/Users/runner/work/xet-core/xet-core/xet_client/src/cas_client/retry_wrapper.rs","line_number":196}
{"timestamp":"2026-05-10T11:20:47.245905Z","level":"INFO","fields":{"message":"Retry strategy","max_attempts":5,"base_delay":"3s","no_retry_on_429":false},"filename":"/Users/runner/work/xet-core/xet-core/xet_client/src/cas_client/retry_wrapper.rs","line_number":235}
{"timestamp":"2026-05-10T11:20:47.436807Z","level":"INFO","fields":{"message":"Received CAS response","request_id":"","status_code":206},"filename":"/Users/runner/work/xet-core/xet-core/xet_client/src/common/http_client.rs","line_number":288}
{"timestamp":"2026-05-10T11:20:47.436848Z","level":"INFO","fields":{"message":"Request Success: s3::get_range api call succeeded (request id )."},"filename":"/Users/runner/work/xet-core/xet-core/xet_client/src/cas_client/retry_wrapper.rs","line_number":196}
{"timestamp":"2026-05-10T11:20:48.202902Z","level":"INFO","fields":{"message":"Retry strategy","max_attempts":5,"base_delay":"3s","no_retry_on_429":false},"filename":"/Users/runner/work/xet-core/xet-core/xet_client/src/cas_client/retry_wrapper.rs","line_number":235}
{"timestamp":"2026-05-10T11:20:48.321516Z","level":"INFO","fields":{"message":"Received CAS response","request_id":"","status_code":206},"filename":"/Users/runner/work/xet-core/xet-core/xet_client/src/common/http_client.rs","line_number":288}
{"timestamp":"2026-05-10T11:20:48.321583Z","level":"INFO","fields":{"message":"Request Success: s3::get_range api call succeeded (request id )."},"filename":"/Users/runner/work/xet-core/xet-core/xet_client/src/cas_client/retry_wrapper.rs","line_number":196}
{"timestamp":"2026-05-10T11:20:48.466021Z","level":"INFO","fields":{"message":"Retry strategy","max_attempts":5,"base_delay":"3s","no_retry_on_429":false},"filename":"/Users/runner/work/xet-core/xet-core/xet_client/src/cas_client/retry_wrapper.rs","line_number":235}
{"timestamp":"2026-05-10T11:20:48.466449Z","level":"INFO","fields":{"message":"Retry strategy","max_attempts":5,"base_delay":"3s","no_retry_on_429":false},"filename":"/Users/runner/work/xet-core/xet-core/xet_client/src/cas_client/retry_wrapper.rs","line_number":235}
{"timestamp":"2026-05-10T11:20:48.673238Z","level":"INFO","fields":{"message":"Received CAS response","request_id":"","status_code":206},"filename":"/Users/runner/work/xet-core/xet-core/xet_client/src/common/http_client.rs","line_number":288}
{"timestamp":"2026-05-10T11:20:48.673278Z","level":"INFO","fields":{"message":"Request Success: s3::get_range api call succeeded (request id )."},"filename":"/Users/runner/work/xet-core/xet-core/xet_client/src/cas_client/retry_wrapper.rs","line_number":196}
{"timestamp":"2026-05-10T11:20:48.779930Z","level":"INFO","fields":{"message":"Received CAS response","request_id":"","status_code":206},"filename":"/Users/runner/work/xet-core/xet-core/xet_client/src/common/http_client.rs","line_number":288}
{"timestamp":"2026-05-10T11:20:48.779968Z","level":"INFO","fields":{"message":"Request Success: s3::get_range api call succeeded (request id )."},"filename":"/Users/runner/work/xet-core/xet-core/xet_client/src/cas_client/retry_wrapper.rs","line_number":196}
{"timestamp":"2026-05-10T11:20:52.318773Z","level":"INFO","fields":{"message":"Retry strategy","max_attempts":5,"base_delay":"3s","no_retry_on_429":false},"filename":"/Users/runner/work/xet-core/xet-core/xet_client/src/cas_client/retry_wrapper.rs","line_number":235}
{"timestamp":"2026-05-10T11:20:52.471882Z","level":"INFO","fields":{"message":"Received CAS response","request_id":"","status_code":206},"filename":"/Users/runner/work/xet-core/xet-core/xet_client/src/common/http_client.rs","line_number":288}
{"timestamp":"2026-05-10T11:20:52.472013Z","level":"INFO","fields":{"message":"Request Success: s3::get_range api call succeeded (request id )."},"filename":"/Users/runner/work/xet-core/xet-core/xet_client/src/cas_client/retry_wrapper.rs","line_number":196}
{"timestamp":"2026-05-10T11:20:54.495797Z","level":"INFO","fields":{"message":"Retry strategy","max_attempts":5,"base_delay":"3s","no_retry_on_429":false},"filename":"/Users/runner/work/xet-core/xet-core/xet_client/src/cas_client/retry_wrapper.rs","line_number":235}
{"timestamp":"2026-05-10T11:20:54.647071Z","level":"INFO","fields":{"message":"Received CAS response","request_id":"","status_code":206},"filename":"/Users/runner/work/xet-core/xet-core/xet_client/src/common/http_client.rs","line_number":288}
{"timestamp":"2026-05-10T11:20:54.647108Z","level":"INFO","fields":{"message":"Request Success: s3::get_range api call succeeded (request id )."},"filename":"/Users/runner/work/xet-core/xet-core/xet_client/src/cas_client/retry_wrapper.rs","line_number":196}
{"timestamp":"2026-05-10T11:20:54.755779Z","level":"INFO","fields":{"message":"Concurrency control for download: Current concurrency = 4; predicted bandwidth = 358990; success_ratio = 1.000; reference_size = 2.9MB; observed bytes sent so far = 16638265; completed transmissions = 10"},"filename":"/Users/runner/work/xet-core/xet-core/xet_client/src/cas_client/adaptive_concurrency/controller.rs","line_number":597}
{"timestamp":"2026-05-10T11:20:55.104635Z","level":"INFO","fields":{"message":"Retry strategy","max_attempts":5,"base_delay":"3s","no_retry_on_429":false},"filename":"/Users/runner/work/xet-core/xet-core/xet_client/src/cas_client/retry_wrapper.rs","line_number":235}
{"timestamp":"2026-05-10T11:20:55.428243Z","level":"INFO","fields":{"message":"Received CAS response","request_id":"","status_code":206},"filename":"/Users/runner/work/xet-core/xet-core/xet_client/src/common/http_client.rs","line_number":288}
{"timestamp":"2026-05-10T11:20:55.428268Z","level":"INFO","fields":{"message":"Request Success: s3::get_range api call succeeded (request id )."},"filename":"/Users/runner/work/xet-core/xet-core/xet_client/src/cas_client/retry_wrapper.rs","line_number":196}
{"timestamp":"2026-05-10T11:20:56.982789Z","level":"INFO","fields":{"message":"Retry strategy","max_attempts":5,"base_delay":"3s","no_retry_on_429":false},"filename":"/Users/runner/work/xet-core/xet-core/xet_client/src/cas_client/retry_wrapper.rs","line_number":235}
{"timestamp":"2026-05-10T11:20:57.125182Z","level":"INFO","fields":{"message":"Received CAS response","request_id":"","status_code":206},"filename":"/Users/runner/work/xet-core/xet-core/xet_client/src/common/http_client.rs","line_number":288}
{"timestamp":"2026-05-10T11:20:57.125222Z","level":"INFO","fields":{"message":"Request Success: s3::get_range api call succeeded (request id )."},"filename":"/Users/runner/work/xet-core/xet-core/xet_client/src/cas_client/retry_wrapper.rs","line_number":196}
{"timestamp":"2026-05-10T11:20:57.269883Z","level":"INFO","fields":{"message":"Concurrency control for download: Increased concurrency from 4 to 5; reason: success ratio 1.000 is above threshold 0.800 and predicted RTT for 2MB at new concurrency is 28.31s < target 60.0s"},"filename":"/Users/runner/work/xet-core/xet-core/xet_client/src/cas_client/adaptive_concurrency/controller.rs","line_number":543}
{"timestamp":"2026-05-10T11:20:57.269952Z","level":"INFO","fields":{"message":"Retry strategy","max_attempts":5,"base_delay":"3s","no_retry_on_429":false},"filename":"/Users/runner/work/xet-core/xet-core/xet_client/src/cas_client/retry_wrapper.rs","line_number":235}
{"timestamp":"2026-05-10T11:20:57.903118Z","level":"INFO","fields":{"message":"Concurrency control for download: Increased concurrency from 5 to 6; reason: success ratio 1.000 is above threshold 0.800 and predicted RTT for 2MB at new concurrency is 32.66s < target 60.0s"},"filename":"/Users/runner/work/xet-core/xet-core/xet_client/src/cas_client/adaptive_concurrency/controller.rs","line_number":543}
{"timestamp":"2026-05-10T11:20:57.903191Z","level":"INFO","fields":{"message":"Retry strategy","max_attempts":5,"base_delay":"3s","no_retry_on_429":false},"filename":"/Users/runner/work/xet-core/xet-core/xet_client/src/cas_client/retry_wrapper.rs","line_number":235}
{"timestamp":"2026-05-10T11:20:58.406381Z","level":"INFO","fields":{"message":"Concurrency control for download: Increased concurrency from 6 to 7; reason: success ratio 1.000 is above threshold 0.800 and predicted RTT for 2MB at new concurrency is 35.28s < target 60.0s"},"filename":"/Users/runner/work/xet-core/xet-core/xet_client/src/cas_client/adaptive_concurrency/controller.rs","line_number":543}
{"timestamp":"2026-05-10T11:20:58.406487Z","level":"INFO","fields":{"message":"Retry strategy","max_attempts":5,"base_delay":"3s","no_retry_on_429":false},"filename":"/Users/runner/work/xet-core/xet-core/xet_client/src/cas_client/retry_wrapper.rs","line_number":235}
{"timestamp":"2026-05-10T11:20:58.918353Z","level":"INFO","fields":{"message":"Concurrency control for download: Increased concurrency from 7 to 8; reason: success ratio 1.000 is above threshold 0.800 and predicted RTT for 2MB at new concurrency is 37.57s < target 60.0s"},"filename":"/Users/runner/work/xet-core/xet-core/xet_client/src/cas_client/adaptive_concurrency/controller.rs","line_number":543}
{"timestamp":"2026-05-10T11:20:58.918386Z","level":"INFO","fields":{"message":"Retry strategy","max_attempts":5,"base_delay":"3s","no_retry_on_429":false},"filename":"/Users/runner/work/xet-core/xet-core/xet_client/src/cas_client/retry_wrapper.rs","line_number":235}
{"timestamp":"2026-05-10T11:20:58.995178Z","level":"INFO","fields":{"message":"Received CAS response","request_id":"","status_code":206},"filename":"/Users/runner/work/xet-core/xet-core/xet_client/src/common/http_client.rs","line_number":288}
{"timestamp":"2026-05-10T11:20:58.995198Z","level":"INFO","fields":{"message":"Request Success: s3::get_range api call succeeded (request id )."},"filename":"/Users/runner/work/xet-core/xet-core/xet_client/src/cas_client/retry_wrapper.rs","line_number":196}
{"timestamp":"2026-05-10T11:20:59.138057Z","level":"INFO","fields":{"message":"Received CAS response","request_id":"","status_code":206},"filename":"/Users/runner/work/xet-core/xet-core/xet_client/src/common/http_client.rs","line_number":288}
{"timestamp":"2026-05-10T11:20:59.138084Z","level":"INFO","fields":{"message":"Request Success: s3::get_range api call succeeded (request id )."},"filename":"/Users/runner/work/xet-core/xet-core/xet_client/src/cas_client/retry_wrapper.rs","line_number":196}
{"timestamp":"2026-05-10T11:20:59.392889Z","level":"INFO","fields":{"message":"Retry strategy","max_attempts":5,"base_delay":"3s","no_retry_on_429":false},"filename":"/Users/runner/work/xet-core/xet-core/xet_client/src/cas_client/retry_wrapper.rs","line_number":235}
{"timestamp":"2026-05-10T11:20:59.464917Z","level":"INFO","fields":{"message":"Concurrency control for download: Increased concurrency from 8 to 9; reason: success ratio 1.000 is above threshold 0.800 and predicted RTT for 4MB at new concurrency is 16.33s < target 60.0s"},"filename":"/Users/runner/work/xet-core/xet-core/xet_client/src/cas_client/adaptive_concurrency/controller.rs","line_number":543}
{"timestamp":"2026-05-10T11:20:59.464974Z","level":"INFO","fields":{"message":"Retry strategy","max_attempts":5,"base_delay":"3s","no_retry_on_429":false},"filename":"/Users/runner/work/xet-core/xet-core/xet_client/src/cas_client/retry_wrapper.rs","line_number":235}
{"timestamp":"2026-05-10T11:20:59.993534Z","level":"INFO","fields":{"message":"Received CAS response","request_id":"","status_code":206},"filename":"/Users/runner/work/xet-core/xet-core/xet_client/src/common/http_client.rs","line_number":288}
{"timestamp":"2026-05-10T11:20:59.993564Z","level":"INFO","fields":{"message":"Request Success: s3::get_range api call succeeded (request id )."},"filename":"/Users/runner/work/xet-core/xet-core/xet_client/src/cas_client/retry_wrapper.rs","line_number":196}
{"timestamp":"2026-05-10T11:21:00.005505Z","level":"INFO","fields":{"message":"Concurrency control for download: Increased concurrency from 9 to 10; reason: success ratio 1.000 is above threshold 0.800 and predicted RTT for 4MB at new concurrency is 17.82s < target 60.0s"},"filename":"/Users/runner/work/xet-core/xet-core/xet_client/src/cas_client/adaptive_concurrency/controller.rs","line_number":543}
{"timestamp":"2026-05-10T11:21:00.005628Z","level":"INFO","fields":{"message":"Retry strategy","max_attempts":5,"base_delay":"3s","no_retry_on_429":false},"filename":"/Users/runner/work/xet-core/xet-core/xet_client/src/cas_client/retry_wrapper.rs","line_number":235}
{"timestamp":"2026-05-10T11:21:00.057859Z","level":"INFO","fields":{"message":"Received CAS response","request_id":"","status_code":206},"filename":"/Users/runner/work/xet-core/xet-core/xet_client/src/common/http_client.rs","line_number":288}
{"timestamp":"2026-05-10T11:21:00.057885Z","level":"INFO","fields":{"message":"Request Success: s3::get_range api call succeeded (request id )."},"filename":"/Users/runner/work/xet-core/xet-core/xet_client/src/cas_client/retry_wrapper.rs","line_number":196}
{"timestamp":"2026-05-10T11:21:00.517090Z","level":"INFO","fields":{"message":"Concurrency control for download: Increased concurrency from 10 to 11; reason: success ratio 1.000 is above threshold 0.800 and predicted RTT for 4MB at new concurrency is 19.37s < target 60.0s"},"filename":"/Users/runner/work/xet-core/xet-core/xet_client/src/cas_client/adaptive_concurrency/controller.rs","line_number":543}
{"timestamp":"2026-05-10T11:21:00.517116Z","level":"INFO","fields":{"message":"Retry strategy","max_attempts":5,"base_delay":"3s","no_retry_on_429":false},"filename":"/Users/runner/work/xet-core/xet-core/xet_client/src/cas_client/retry_wrapper.rs","line_number":235}
{"timestamp":"2026-05-10T11:21:01.080497Z","level":"INFO","fields":{"message":"Concurrency control for download: Increased concurrency from 11 to 12; reason: success ratio 1.000 is above threshold 0.800 and predicted RTT for 4MB at new concurrency is 20.85s < target 60.0s"},"filename":"/Users/runner/work/xet-core/xet-core/xet_client/src/cas_client/adaptive_concurrency/controller.rs","line_number":543}
{"timestamp":"2026-05-10T11:21:01.080582Z","level":"INFO","fields":{"message":"Retry strategy","max_attempts":5,"base_delay":"3s","no_retry_on_429":false},"filename":"/Users/runner/work/xet-core/xet-core/xet_client/src/cas_client/retry_wrapper.rs","line_number":235}
{"timestamp":"2026-05-10T11:21:01.343422Z","level":"INFO","fields":{"message":"Received CAS response","request_id":"","status_code":206},"filename":"/Users/runner/work/xet-core/xet-core/xet_client/src/common/http_client.rs","line_number":288}
{"timestamp":"2026-05-10T11:21:01.343464Z","level":"INFO","fields":{"message":"Request Success: s3::get_range api call succeeded (request id )."},"filename":"/Users/runner/work/xet-core/xet-core/xet_client/src/cas_client/retry_wrapper.rs","line_number":196}
{"timestamp":"2026-05-10T11:21:01.676044Z","level":"INFO","fields":{"message":"Received CAS response","request_id":"","status_code":206},"filename":"/Users/runner/work/xet-core/xet-core/xet_client/src/common/http_client.rs","line_number":288}
{"timestamp":"2026-05-10T11:21:01.676060Z","level":"INFO","fields":{"message":"Request Success: s3::get_range api call succeeded (request id )."},"filename":"/Users/runner/work/xet-core/xet-core/xet_client/src/cas_client/retry_wrapper.rs","line_number":196}
{"timestamp":"2026-05-10T11:21:01.676102Z","level":"INFO","fields":{"message":"Concurrency control for download: Increased concurrency from 12 to 13; reason: success ratio 1.000 is above threshold 0.800 and predicted RTT for 4MB at new concurrency is 22.49s < target 60.0s"},"filename":"/Users/runner/work/xet-core/xet-core/xet_client/src/cas_client/adaptive_concurrency/controller.rs","line_number":543}
{"timestamp":"2026-05-10T11:21:01.676115Z","level":"INFO","fields":{"message":"Retry strategy","max_attempts":5,"base_delay":"3s","no_retry_on_429":false},"filename":"/Users/runner/work/xet-core/xet-core/xet_client/src/cas_client/retry_wrapper.rs","line_number":235}
{"timestamp":"2026-05-10T11:21:01.785509Z","level":"INFO","fields":{"message":"Received CAS response","request_id":"","status_code":206},"filename":"/Users/runner/work/xet-core/xet-core/xet_client/src/common/http_client.rs","line_number":288}
{"timestamp":"2026-05-10T11:21:01.785546Z","level":"INFO","fields":{"message":"Request Success: s3::get_range api call succeeded (request id )."},"filename":"/Users/runner/work/xet-core/xet-core/xet_client/src/cas_client/retry_wrapper.rs","line_number":196}
{"timestamp":"2026-05-10T11:21:01.965521Z","level":"INFO","fields":{"message":"Retry strategy","max_attempts":5,"base_delay":"3s","no_retry_on_429":false},"filename":"/Users/runner/work/xet-core/xet-core/xet_client/src/cas_client/retry_wrapper.rs","line_number":235}
{"timestamp":"2026-05-10T11:21:02.199747Z","level":"INFO","fields":{"message":"Concurrency control for download: Increased concurrency from 13 to 14; reason: success ratio 1.000 is above threshold 0.800 and predicted RTT for 3MB at new concurrency is 22.80s < target 60.0s"},"filename":"/Users/runner/work/xet-core/xet-core/xet_client/src/cas_client/adaptive_concurrency/controller.rs","line_number":543}
{"timestamp":"2026-05-10T11:21:02.199785Z","level":"INFO","fields":{"message":"Retry strategy","max_attempts":5,"base_delay":"3s","no_retry_on_429":false},"filename":"/Users/runner/work/xet-core/xet-core/xet_client/src/cas_client/retry_wrapper.rs","line_number":235}
{"timestamp":"2026-05-10T11:21:02.376767Z","level":"INFO","fields":{"message":"Received CAS response","request_id":"","status_code":206},"filename":"/Users/runner/work/xet-core/xet-core/xet_client/src/common/http_client.rs","line_number":288}
{"timestamp":"2026-05-10T11:21:02.376804Z","level":"INFO","fields":{"message":"Request Success: s3::get_range api call succeeded (request id )."},"filename":"/Users/runner/work/xet-core/xet-core/xet_client/src/cas_client/retry_wrapper.rs","line_number":196}
{"timestamp":"2026-05-10T11:21:02.488442Z","level":"INFO","fields":{"message":"Received CAS response","request_id":"","status_code":206},"filename":"/Users/runner/work/xet-core/xet-core/xet_client/src/common/http_client.rs","line_number":288}
{"timestamp":"2026-05-10T11:21:02.488464Z","level":"INFO","fields":{"message":"Request Success: s3::get_range api call succeeded (request id )."},"filename":"/Users/runner/work/xet-core/xet-core/xet_client/src/cas_client/retry_wrapper.rs","line_number":196}
{"timestamp":"2026-05-10T11:21:02.926006Z","level":"INFO","fields":{"message":"Received CAS response","request_id":"","status_code":206},"filename":"/Users/runner/work/xet-core/xet-core/xet_client/src/common/http_client.rs","line_number":288}
{"timestamp":"2026-05-10T11:21:02.926024Z","level":"INFO","fields":{"message":"Request Success: s3::get_range api call succeeded (request id )."},"filename":"/Users/runner/work/xet-core/xet-core/xet_client/src/cas_client/retry_wrapper.rs","line_number":196}
{"timestamp":"2026-05-10T11:21:02.926088Z","level":"INFO","fields":{"message":"Concurrency control for download: Increased concurrency from 14 to 15; reason: success ratio 1.000 is above threshold 0.800 and predicted RTT for 3MB at new concurrency is 24.98s < target 60.0s"},"filename":"/Users/runner/work/xet-core/xet-core/xet_client/src/cas_client/adaptive_concurrency/controller.rs","line_number":543}
{"timestamp":"2026-05-10T11:21:02.926104Z","level":"INFO","fields":{"message":"Retry strategy","max_attempts":5,"base_delay":"3s","no_retry_on_429":false},"filename":"/Users/runner/work/xet-core/xet-core/xet_client/src/cas_client/retry_wrapper.rs","line_number":235}
{"timestamp":"2026-05-10T11:21:02.939728Z","level":"INFO","fields":{"message":"Received CAS response","request_id":"","status_code":206},"filename":"/Users/runner/work/xet-core/xet-core/xet_client/src/common/http_client.rs","line_number":288}
{"timestamp":"2026-05-10T11:21:02.939741Z","level":"INFO","fields":{"message":"Request Success: s3::get_range api call succeeded (request id )."},"filename":"/Users/runner/work/xet-core/xet-core/xet_client/src/cas_client/retry_wrapper.rs","line_number":196}
{"timestamp":"2026-05-10T11:21:03.289741Z","level":"INFO","fields":{"message":"Retry strategy","max_attempts":5,"base_delay":"3s","no_retry_on_429":false},"filename":"/Users/runner/work/xet-core/xet-core/xet_client/src/cas_client/retry_wrapper.rs","line_number":235}
{"timestamp":"2026-05-10T11:21:03.335227Z","level":"INFO","fields":{"message":"Received CAS response","request_id":"","status_code":206},"filename":"/Users/runner/work/xet-core/xet-core/xet_client/src/common/http_client.rs","line_number":288}
{"timestamp":"2026-05-10T11:21:03.335252Z","level":"INFO","fields":{"message":"Request Success: s3::get_range api call succeeded (request id )."},"filename":"/Users/runner/work/xet-core/xet-core/xet_client/src/cas_client/retry_wrapper.rs","line_number":196}
{"timestamp":"2026-05-10T11:21:03.492376Z","level":"INFO","fields":{"message":"Concurrency control for download: Increased concurrency from 15 to 16; reason: success ratio 1.000 is above threshold 0.800 and predicted RTT for 3MB at new concurrency is 25.52s < target 60.0s"},"filename":"/Users/runner/work/xet-core/xet-core/xet_client/src/cas_client/adaptive_concurrency/controller.rs","line_number":543}
{"timestamp":"2026-05-10T11:21:03.492409Z","level":"INFO","fields":{"message":"Retry strategy","max_attempts":5,"base_delay":"3s","no_retry_on_429":false},"filename":"/Users/runner/work/xet-core/xet-core/xet_client/src/cas_client/retry_wrapper.rs","line_number":235}
{"timestamp":"2026-05-10T11:21:03.917250Z","level":"INFO","fields":{"message":"Received CAS response","request_id":"","status_code":206},"filename":"/Users/runner/work/xet-core/xet-core/xet_client/src/common/http_client.rs","line_number":288}
{"timestamp":"2026-05-10T11:21:03.917292Z","level":"INFO","fields":{"message":"Request Success: s3::get_range api call succeeded (request id )."},"filename":"/Users/runner/work/xet-core/xet-core/xet_client/src/cas_client/retry_wrapper.rs","line_number":196}
{"timestamp":"2026-05-10T11:21:04.036615Z","level":"INFO","fields":{"message":"Concurrency control for download: Increased concurrency from 16 to 17; reason: success ratio 1.000 is above threshold 0.800 and predicted RTT for 3MB at new concurrency is 27.53s < target 60.0s"},"filename":"/Users/runner/work/xet-core/xet-core/xet_client/src/cas_client/adaptive_concurrency/controller.rs","line_number":543}
{"timestamp":"2026-05-10T11:21:04.036763Z","level":"INFO","fields":{"message":"Retry strategy","max_attempts":5,"base_delay":"3s","no_retry_on_429":false},"filename":"/Users/runner/work/xet-core/xet-core/xet_client/src/cas_client/retry_wrapper.rs","line_number":235}
{"timestamp":"2026-05-10T11:21:04.036799Z","level":"INFO","fields":{"message":"Retry strategy","max_attempts":5,"base_delay":"3s","no_retry_on_429":false},"filename":"/Users/runner/work/xet-core/xet-core/xet_client/src/cas_client/retry_wrapper.rs","line_number":235}
{"timestamp":"2026-05-10T11:21:04.147601Z","level":"INFO","fields":{"message":"Received CAS response","request_id":"","status_code":206},"filename":"/Users/runner/work/xet-core/xet-core/xet_client/src/common/http_client.rs","line_number":288}
{"timestamp":"2026-05-10T11:21:04.147628Z","level":"INFO","fields":{"message":"Request Success: s3::get_range api call succeeded (request id )."},"filename":"/Users/runner/work/xet-core/xet-core/xet_client/src/cas_client/retry_wrapper.rs","line_number":196}
{"timestamp":"2026-05-10T11:21:04.303281Z","level":"INFO","fields":{"message":"Received CAS response","request_id":"","status_code":206},"filename":"/Users/runner/work/xet-core/xet-core/xet_client/src/common/http_client.rs","line_number":288}
{"timestamp":"2026-05-10T11:21:04.303336Z","level":"INFO","fields":{"message":"Request Success: s3::get_range api call succeeded (request id )."},"filename":"/Users/runner/work/xet-core/xet-core/xet_client/src/cas_client/retry_wrapper.rs","line_number":196}
{"timestamp":"2026-05-10T11:21:04.578174Z","level":"INFO","fields":{"message":"Concurrency control for download: Increased concurrency from 17 to 18; reason: success ratio 1.000 is above threshold 0.800 and predicted RTT for 3MB at new concurrency is 29.84s < target 60.0s"},"filename":"/Users/runner/work/xet-core/xet-core/xet_client/src/cas_client/adaptive_concurrency/controller.rs","line_number":543}
{"timestamp":"2026-05-10T11:21:04.578247Z","level":"INFO","fields":{"message":"Retry strategy","max_attempts":5,"base_delay":"3s","no_retry_on_429":false},"filename":"/Users/runner/work/xet-core/xet-core/xet_client/src/cas_client/retry_wrapper.rs","line_number":235}
{"timestamp":"2026-05-10T11:21:04.764417Z","level":"INFO","fields":{"message":"Concurrency control for download: Current concurrency = 18; predicted bandwidth = 1506606; success_ratio = 1.000; reference_size = 3.5MB; observed bytes sent so far = 28697908; completed transmissions = 16"},"filename":"/Users/runner/work/xet-core/xet-core/xet_client/src/cas_client/adaptive_concurrency/controller.rs","line_number":597}
{"timestamp":"2026-05-10T11:21:05.036105Z","level":"INFO","fields":{"message":"Received CAS response","request_id":"","status_code":206},"filename":"/Users/runner/work/xet-core/xet-core/xet_client/src/common/http_client.rs","line_number":288}
{"timestamp":"2026-05-10T11:21:05.036156Z","level":"INFO","fields":{"message":"Request Success: s3::get_range api call succeeded (request id )."},"filename":"/Users/runner/work/xet-core/xet-core/xet_client/src/cas_client/retry_wrapper.rs","line_number":196}
{"timestamp":"2026-05-10T11:21:05.140068Z","level":"INFO","fields":{"message":"Concurrency control for download: Increased concurrency from 18 to 19; reason: success ratio 1.000 is above threshold 0.800 and predicted RTT for 3MB at new concurrency is 31.63s < target 60.0s"},"filename":"/Users/runner/work/xet-core/xet-core/xet_client/src/cas_client/adaptive_concurrency/controller.rs","line_number":543}
{"timestamp":"2026-05-10T11:21:05.140144Z","level":"INFO","fields":{"message":"Retry strategy","max_attempts":5,"base_delay":"3s","no_retry_on_429":false},"filename":"/Users/runner/work/xet-core/xet-core/xet_client/src/cas_client/retry_wrapper.rs","line_number":235}
{"timestamp":"2026-05-10T11:21:05.677849Z","level":"INFO","fields":{"message":"Concurrency control for download: Increased concurrency from 19 to 20; reason: success ratio 1.000 is above threshold 0.800 and predicted RTT for 3MB at new concurrency is 33.65s < target 60.0s"},"filename":"/Users/runner/work/xet-core/xet-core/xet_client/src/cas_client/adaptive_concurrency/controller.rs","line_number":543}
{"timestamp":"2026-05-10T11:21:05.677889Z","level":"INFO","fields":{"message":"Retry strategy","max_attempts":5,"base_delay":"3s","no_retry_on_429":false},"filename":"/Users/runner/work/xet-core/xet-core/xet_client/src/cas_client/retry_wrapper.rs","line_number":235}
{"timestamp":"2026-05-10T11:21:05.734486Z","level":"INFO","fields":{"message":"Received CAS response","request_id":"","status_code":206},"filename":"/Users/runner/work/xet-core/xet-core/xet_client/src/common/http_client.rs","line_number":288}
{"timestamp":"2026-05-10T11:21:05.734506Z","level":"INFO","fields":{"message":"Request Success: s3::get_range api call succeeded (request id )."},"filename":"/Users/runner/work/xet-core/xet-core/xet_client/src/cas_client/retry_wrapper.rs","line_number":196}
{"timestamp":"2026-05-10T11:21:05.812933Z","level":"INFO","fields":{"message":"Retry strategy","max_attempts":5,"base_delay":"3s","no_retry_on_429":false},"filename":"/Users/runner/work/xet-core/xet-core/xet_client/src/cas_client/retry_wrapper.rs","line_number":235}
{"timestamp":"2026-05-10T11:21:06.180328Z","level":"INFO","fields":{"message":"Concurrency control for download: Increased concurrency from 20 to 21; reason: success ratio 1.000 is above threshold 0.800 and predicted RTT for 3MB at new concurrency is 33.22s < target 60.0s"},"filename":"/Users/runner/work/xet-core/xet-core/xet_client/src/cas_client/adaptive_concurrency/controller.rs","line_number":543}
{"timestamp":"2026-05-10T11:21:06.180372Z","level":"INFO","fields":{"message":"Retry strategy","max_attempts":5,"base_delay":"3s","no_retry_on_429":false},"filename":"/Users/runner/work/xet-core/xet-core/xet_client/src/cas_client/retry_wrapper.rs","line_number":235}
{"timestamp":"2026-05-10T11:21:06.733782Z","level":"INFO","fields":{"message":"Concurrency control for download: Increased concurrency from 21 to 22; reason: success ratio 1.000 is above threshold 0.800 and predicted RTT for 3MB at new concurrency is 35.83s < target 60.0s"},"filename":"/Users/runner/work/xet-core/xet-core/xet_client/src/cas_client/adaptive_concurrency/controller.rs","line_number":543}
{"timestamp":"2026-05-10T11:21:06.733802Z","level":"INFO","fields":{"message":"Retry strategy","max_attempts":5,"base_delay":"3s","no_retry_on_429":false},"filename":"/Users/runner/work/xet-core/xet-core/xet_client/src/cas_client/retry_wrapper.rs","line_number":235}
{"timestamp":"2026-05-10T11:21:07.245560Z","level":"INFO","fields":{"message":"Concurrency control for download: Increased concurrency from 22 to 23; reason: success ratio 1.000 is above threshold 0.800 and predicted RTT for 3MB at new concurrency is 37.39s < target 60.0s"},"filename":"/Users/runner/work/xet-core/xet-core/xet_client/src/cas_client/adaptive_concurrency/controller.rs","line_number":543}
{"timestamp":"2026-05-10T11:21:07.245578Z","level":"INFO","fields":{"message":"Retry strategy","max_attempts":5,"base_delay":"3s","no_retry_on_429":false},"filename":"/Users/runner/work/xet-core/xet-core/xet_client/src/cas_client/retry_wrapper.rs","line_number":235}
{"timestamp":"2026-05-10T11:21:07.614758Z","level":"INFO","fields":{"message":"Received CAS response","request_id":"","status_code":206},"filename":"/Users/runner/work/xet-core/xet-core/xet_client/src/common/http_client.rs","line_number":288}
{"timestamp":"2026-05-10T11:21:07.614807Z","level":"INFO","fields":{"message":"Request Success: s3::get_range api call succeeded (request id )."},"filename":"/Users/runner/work/xet-core/xet-core/xet_client/src/cas_client/retry_wrapper.rs","line_number":196}
{"timestamp":"2026-05-10T11:21:07.784109Z","level":"INFO","fields":{"message":"Concurrency control for download: Increased concurrency from 23 to 24; reason: success ratio 1.000 is above threshold 0.800 and predicted RTT for 3MB at new concurrency is 38.81s < target 60.0s"},"filename":"/Users/runner/work/xet-core/xet-core/xet_client/src/cas_client/adaptive_concurrency/controller.rs","line_number":543}
{"timestamp":"2026-05-10T11:21:07.784166Z","level":"INFO","fields":{"message":"Retry strategy","max_attempts":5,"base_delay":"3s","no_retry_on_429":false},"filename":"/Users/runner/work/xet-core/xet-core/xet_client/src/cas_client/retry_wrapper.rs","line_number":235}
{"timestamp":"2026-05-10T11:21:08.348697Z","level":"INFO","fields":{"message":"Concurrency control for download: Increased concurrency from 24 to 25; reason: success ratio 1.000 is above threshold 0.800 and predicted RTT for 3MB at new concurrency is 40.32s < target 60.0s"},"filename":"/Users/runner/work/xet-core/xet-core/xet_client/src/cas_client/adaptive_concurrency/controller.rs","line_number":543}
{"timestamp":"2026-05-10T11:21:08.348839Z","level":"INFO","fields":{"message":"Retry strategy","max_attempts":5,"base_delay":"3s","no_retry_on_429":false},"filename":"/Users/runner/work/xet-core/xet-core/xet_client/src/cas_client/retry_wrapper.rs","line_number":235}
{"timestamp":"2026-05-10T11:21:08.861381Z","level":"INFO","fields":{"message":"Concurrency control for download: Increased concurrency from 25 to 26; reason: success ratio 1.000 is above threshold 0.800 and predicted RTT for 3MB at new concurrency is 42.06s < target 60.0s"},"filename":"/Users/runner/work/xet-core/xet-core/xet_client/src/cas_client/adaptive_concurrency/controller.rs","line_number":543}
{"timestamp":"2026-05-10T11:21:08.861464Z","level":"INFO","fields":{"message":"Retry strategy","max_attempts":5,"base_delay":"3s","no_retry_on_429":false},"filename":"/Users/runner/work/xet-core/xet-core/xet_client/src/cas_client/retry_wrapper.rs","line_number":235}
{"timestamp":"2026-05-10T11:21:09.417448Z","level":"INFO","fields":{"message":"Concurrency control for download: Increased concurrency from 26 to 27; reason: success ratio 1.000 is above threshold 0.800 and predicted RTT for 3MB at new concurrency is 43.68s < target 60.0s"},"filename":"/Users/runner/work/xet-core/xet-core/xet_client/src/cas_client/adaptive_concurrency/controller.rs","line_number":543}
{"timestamp":"2026-05-10T11:21:09.417494Z","level":"INFO","fields":{"message":"Retry strategy","max_attempts":5,"base_delay":"3s","no_retry_on_429":false},"filename":"/Users/runner/work/xet-core/xet-core/xet_client/src/cas_client/retry_wrapper.rs","line_number":235}
{"timestamp":"2026-05-10T11:21:09.880400Z","level":"INFO","fields":{"message":"Received CAS response","request_id":"","status_code":206},"filename":"/Users/runner/work/xet-core/xet-core/xet_client/src/common/http_client.rs","line_number":288}
{"timestamp":"2026-05-10T11:21:09.880430Z","level":"INFO","fields":{"message":"Request Success: s3::get_range api call succeeded (request id )."},"filename":"/Users/runner/work/xet-core/xet-core/xet_client/src/cas_client/retry_wrapper.rs","line_number":196}
{"timestamp":"2026-05-10T11:21:10.001371Z","level":"INFO","fields":{"message":"Concurrency control for download: Increased concurrency from 27 to 28; reason: success ratio 1.000 is above threshold 0.800 and predicted RTT for 3MB at new concurrency is 45.14s < target 60.0s"},"filename":"/Users/runner/work/xet-core/xet-core/xet_client/src/cas_client/adaptive_concurrency/controller.rs","line_number":543}
{"timestamp":"2026-05-10T11:21:10.001439Z","level":"INFO","fields":{"message":"Retry strategy","max_attempts":5,"base_delay":"3s","no_retry_on_429":false},"filename":"/Users/runner/work/xet-core/xet-core/xet_client/src/cas_client/retry_wrapper.rs","line_number":235}
{"timestamp":"2026-05-10T11:21:10.559441Z","level":"INFO","fields":{"message":"Concurrency control for download: Increased concurrency from 28 to 29; reason: success ratio 1.000 is above threshold 0.800 and predicted RTT for 3MB at new concurrency is 45.82s < target 60.0s"},"filename":"/Users/runner/work/xet-core/xet-core/xet_client/src/cas_client/adaptive_concurrency/controller.rs","line_number":543}
{"timestamp":"2026-05-10T11:21:10.559503Z","level":"INFO","fields":{"message":"Retry strategy","max_attempts":5,"base_delay":"3s","no_retry_on_429":false},"filename":"/Users/runner/work/xet-core/xet-core/xet_client/src/cas_client/retry_wrapper.rs","line_number":235}
{"timestamp":"2026-05-10T11:21:11.062901Z","level":"INFO","fields":{"message":"Concurrency control for download: Increased concurrency from 29 to 30; reason: success ratio 1.000 is above threshold 0.800 and predicted RTT for 3MB at new concurrency is 47.99s < target 60.0s"},"filename":"/Users/runner/work/xet-core/xet-core/xet_client/src/cas_client/adaptive_concurrency/controller.rs","line_number":543}
{"timestamp":"2026-05-10T11:21:11.062996Z","level":"INFO","fields":{"message":"Retry strategy","max_attempts":5,"base_delay":"3s","no_retry_on_429":false},"filename":"/Users/runner/work/xet-core/xet-core/xet_client/src/cas_client/retry_wrapper.rs","line_number":235}
{"timestamp":"2026-05-10T11:21:11.467853Z","level":"INFO","fields":{"message":"Received CAS response","request_id":"","status_code":206},"filename":"/Users/runner/work/xet-core/xet-core/xet_client/src/common/http_client.rs","line_number":288}
{"timestamp":"2026-05-10T11:21:11.467894Z","level":"INFO","fields":{"message":"Request Success: s3::get_range api call succeeded (request id )."},"filename":"/Users/runner/work/xet-core/xet-core/xet_client/src/cas_client/retry_wrapper.rs","line_number":196}
{"timestamp":"2026-05-10T11:21:11.607770Z","level":"INFO","fields":{"message":"Concurrency control for download: Increased concurrency from 30 to 31; reason: success ratio 1.000 is above threshold 0.800 and predicted RTT for 3MB at new concurrency is 50.75s < target 60.0s"},"filename":"/Users/runner/work/xet-core/xet-core/xet_client/src/cas_client/adaptive_concurrency/controller.rs","line_number":543}
{"timestamp":"2026-05-10T11:21:11.607812Z","level":"INFO","fields":{"message":"Retry strategy","max_attempts":5,"base_delay":"3s","no_retry_on_429":false},"filename":"/Users/runner/work/xet-core/xet-core/xet_client/src/cas_client/retry_wrapper.rs","line_number":235}
{"timestamp":"2026-05-10T11:21:11.942446Z","level":"INFO","fields":{"message":"Received CAS response","request_id":"","status_code":206},"filename":"/Users/runner/work/xet-core/xet-core/xet_client/src/common/http_client.rs","line_number":288}
{"timestamp":"2026-05-10T11:21:11.942485Z","level":"INFO","fields":{"message":"Request Success: s3::get_range api call succeeded (request id )."},"filename":"/Users/runner/work/xet-core/xet-core/xet_client/src/cas_client/retry_wrapper.rs","line_number":196}
{"timestamp":"2026-05-10T11:21:12.128389Z","level":"INFO","fields":{"message":"Concurrency control for download: Increased concurrency from 31 to 32; reason: success ratio 1.000 is above threshold 0.800 and predicted RTT for 3MB at new concurrency is 52.23s < target 60.0s"},"filename":"/Users/runner/work/xet-core/xet-core/xet_client/src/cas_client/adaptive_concurrency/controller.rs","line_number":543}
{"timestamp":"2026-05-10T11:21:12.128431Z","level":"INFO","fields":{"message":"Retry strategy","max_attempts":5,"base_delay":"3s","no_retry_on_429":false},"filename":"/Users/runner/work/xet-core/xet-core/xet_client/src/cas_client/retry_wrapper.rs","line_number":235}
{"timestamp":"2026-05-10T11:21:12.136124Z","level":"INFO","fields":{"message":"Received CAS response","request_id":"","status_code":206},"filename":"/Users/runner/work/xet-core/xet-core/xet_client/src/common/http_client.rs","line_number":288}
{"timestamp":"2026-05-10T11:21:12.136137Z","level":"INFO","fields":{"message":"Request Success: s3::get_range api call succeeded (request id )."},"filename":"/Users/runner/work/xet-core/xet-core/xet_client/src/cas_client/retry_wrapper.rs","line_number":196}
{"timestamp":"2026-05-10T11:21:12.724587Z","level":"INFO","fields":{"message":"Received CAS response","request_id":"","status_code":206},"filename":"/Users/runner/work/xet-core/xet-core/xet_client/src/common/http_client.rs","line_number":288}
{"timestamp":"2026-05-10T11:21:12.724623Z","level":"INFO","fields":{"message":"Request Success: s3::get_range api call succeeded (request id )."},"filename":"/Users/runner/work/xet-core/xet-core/xet_client/src/cas_client/retry_wrapper.rs","line_number":196}
{"timestamp":"2026-05-10T11:21:12.887730Z","level":"INFO","fields":{"message":"Concurrency control for download: Increased concurrency from 32 to 33; reason: success ratio 1.000 is above threshold 0.800 and predicted RTT for 3MB at new concurrency is 51.68s < target 60.0s"},"filename":"/Users/runner/work/xet-core/xet-core/xet_client/src/cas_client/adaptive_concurrency/controller.rs","line_number":543}
{"timestamp":"2026-05-10T11:21:12.887806Z","level":"INFO","fields":{"message":"Retry strategy","max_attempts":5,"base_delay":"3s","no_retry_on_429":false},"filename":"/Users/runner/work/xet-core/xet-core/xet_client/src/cas_client/retry_wrapper.rs","line_number":235}
{"timestamp":"2026-05-10T11:21:13.520839Z","level":"INFO","fields":{"message":"Concurrency control for download: Increased concurrency from 33 to 34; reason: success ratio 1.000 is above threshold 0.800 and predicted RTT for 3MB at new concurrency is 54.37s < target 60.0s"},"filename":"/Users/runner/work/xet-core/xet-core/xet_client/src/cas_client/adaptive_concurrency/controller.rs","line_number":543}
{"timestamp":"2026-05-10T11:21:13.520882Z","level":"INFO","fields":{"message":"Retry strategy","max_attempts":5,"base_delay":"3s","no_retry_on_429":false},"filename":"/Users/runner/work/xet-core/xet-core/xet_client/src/cas_client/retry_wrapper.rs","line_number":235}
{"timestamp":"2026-05-10T11:21:14.123990Z","level":"INFO","fields":{"message":"Concurrency control for download: Increased concurrency from 34 to 35; reason: success ratio 1.000 is above threshold 0.800 and predicted RTT for 3MB at new concurrency is 57.43s < target 60.0s"},"filename":"/Users/runner/work/xet-core/xet-core/xet_client/src/cas_client/adaptive_concurrency/controller.rs","line_number":543}
{"timestamp":"2026-05-10T11:21:14.124035Z","level":"INFO","fields":{"message":"Retry strategy","max_attempts":5,"base_delay":"3s","no_retry_on_429":false},"filename":"/Users/runner/work/xet-core/xet-core/xet_client/src/cas_client/retry_wrapper.rs","line_number":235}
{"timestamp":"2026-05-10T11:21:14.701161Z","level":"INFO","fields":{"message":"Concurrency control for download: Increased concurrency from 35 to 36; reason: success ratio 1.000 is above threshold 0.800 and predicted RTT for 3MB at new concurrency is 58.43s < target 60.0s"},"filename":"/Users/runner/work/xet-core/xet-core/xet_client/src/cas_client/adaptive_concurrency/controller.rs","line_number":543}
{"timestamp":"2026-05-10T11:21:14.701178Z","level":"INFO","fields":{"message":"Retry strategy","max_attempts":5,"base_delay":"3s","no_retry_on_429":false},"filename":"/Users/runner/work/xet-core/xet-core/xet_client/src/cas_client/retry_wrapper.rs","line_number":235}
{"timestamp":"2026-05-10T11:21:14.766741Z","level":"INFO","fields":{"message":"Concurrency control for download: Current concurrency = 36; predicted bandwidth = 1218672; success_ratio = 1.000; reference_size = 3.3MB; observed bytes sent so far = 33917822; completed transmissions = 17"},"filename":"/Users/runner/work/xet-core/xet-core/xet_client/src/cas_client/adaptive_concurrency/controller.rs","line_number":597}
{"timestamp":"2026-05-10T11:21:14.963773Z","level":"INFO","fields":{"message":"Received CAS response","request_id":"","status_code":206},"filename":"/Users/runner/work/xet-core/xet-core/xet_client/src/common/http_client.rs","line_number":288}
{"timestamp":"2026-05-10T11:21:14.963797Z","level":"INFO","fields":{"message":"Request Success: s3::get_range api call succeeded (request id )."},"filename":"/Users/runner/work/xet-core/xet-core/xet_client/src/cas_client/retry_wrapper.rs","line_number":196}
{"timestamp":"2026-05-10T11:21:15.002507Z","level":"INFO","fields":{"message":"Received CAS response","request_id":"","status_code":206},"filename":"/Users/runner/work/xet-core/xet-core/xet_client/src/common/http_client.rs","line_number":288}
{"timestamp":"2026-05-10T11:21:15.002533Z","level":"INFO","fields":{"message":"Request Success: s3::get_range api call succeeded (request id )."},"filename":"/Users/runner/work/xet-core/xet-core/xet_client/src/cas_client/retry_wrapper.rs","line_number":196}
{"timestamp":"2026-05-10T11:21:15.074532Z","level":"INFO","fields":{"message":"Received CAS response","request_id":"","status_code":206},"filename":"/Users/runner/work/xet-core/xet-core/xet_client/src/common/http_client.rs","line_number":288}
{"timestamp":"2026-05-10T11:21:15.074561Z","level":"INFO","fields":{"message":"Request Success: s3::get_range api call succeeded (request id )."},"filename":"/Users/runner/work/xet-core/xet-core/xet_client/src/cas_client/retry_wrapper.rs","line_number":196}
{"timestamp":"2026-05-10T11:21:15.152632Z","level":"INFO","fields":{"message":"Received CAS response","request_id":"","status_code":206},"filename":"/Users/runner/work/xet-core/xet-core/xet_client/src/common/http_client.rs","line_number":288}
{"timestamp":"2026-05-10T11:21:15.152651Z","level":"INFO","fields":{"message":"Request Success: s3::get_range api call succeeded (request id )."},"filename":"/Users/runner/work/xet-core/xet-core/xet_client/src/cas_client/retry_wrapper.rs","line_number":196}
{"timestamp":"2026-05-10T11:21:15.257720Z","level":"INFO","fields":{"message":"Received CAS response","request_id":"","status_code":206},"filename":"/Users/runner/work/xet-core/xet-core/xet_client/src/common/http_client.rs","line_number":288}
{"timestamp":"2026-05-10T11:21:15.257736Z","level":"INFO","fields":{"message":"Request Success: s3::get_range api call succeeded (request id )."},"filename":"/Users/runner/work/xet-core/xet-core/xet_client/src/cas_client/retry_wrapper.rs","line_number":196}
{"timestamp":"2026-05-10T11:21:15.274720Z","level":"INFO","fields":{"message":"Concurrency control for download: Increased concurrency from 36 to 37; reason: success ratio 1.000 is above threshold 0.800 and predicted RTT for 3MB at new concurrency is 58.25s < target 60.0s"},"filename":"/Users/runner/work/xet-core/xet-core/xet_client/src/cas_client/adaptive_concurrency/controller.rs","line_number":543}
{"timestamp":"2026-05-10T11:21:15.274753Z","level":"INFO","fields":{"message":"Retry strategy","max_attempts":5,"base_delay":"3s","no_retry_on_429":false},"filename":"/Users/runner/work/xet-core/xet-core/xet_client/src/cas_client/retry_wrapper.rs","line_number":235}
{"timestamp":"2026-05-10T11:21:15.452161Z","level":"INFO","fields":{"message":"Retry strategy","max_attempts":5,"base_delay":"3s","no_retry_on_429":false},"filename":"/Users/runner/work/xet-core/xet-core/xet_client/src/cas_client/retry_wrapper.rs","line_number":235}
{"timestamp":"2026-05-10T11:21:15.812164Z","level":"INFO","fields":{"message":"Received CAS response","request_id":"","status_code":206},"filename":"/Users/runner/work/xet-core/xet-core/xet_client/src/common/http_client.rs","line_number":288}
{"timestamp":"2026-05-10T11:21:15.812179Z","level":"INFO","fields":{"message":"Request Success: s3::get_range api call succeeded (request id )."},"filename":"/Users/runner/work/xet-core/xet-core/xet_client/src/cas_client/retry_wrapper.rs","line_number":196}
{"timestamp":"2026-05-10T11:21:15.904480Z","level":"INFO","fields":{"message":"Received CAS response","request_id":"","status_code":206},"filename":"/Users/runner/work/xet-core/xet-core/xet_client/src/common/http_client.rs","line_number":288}
{"timestamp":"2026-05-10T11:21:15.904506Z","level":"INFO","fields":{"message":"Request Success: s3::get_range api call succeeded (request id )."},"filename":"/Users/runner/work/xet-core/xet-core/xet_client/src/cas_client/retry_wrapper.rs","line_number":196}
{"timestamp":"2026-05-10T11:21:15.979452Z","level":"INFO","fields":{"message":"Received CAS response","request_id":"","status_code":206},"filename":"/Users/runner/work/xet-core/xet-core/xet_client/src/common/http_client.rs","line_number":288}
{"timestamp":"2026-05-10T11:21:15.979470Z","level":"INFO","fields":{"message":"Request Success: s3::get_range api call succeeded (request id )."},"filename":"/Users/runner/work/xet-core/xet-core/xet_client/src/cas_client/retry_wrapper.rs","line_number":196}
{"timestamp":"2026-05-10T11:21:16.065358Z","level":"INFO","fields":{"message":"Concurrency control for download: Increased concurrency from 37 to 38; reason: success ratio 1.000 is above threshold 0.800 and predicted RTT for 3MB at new concurrency is 59.92s < target 60.0s"},"filename":"/Users/runner/work/xet-core/xet-core/xet_client/src/cas_client/adaptive_concurrency/controller.rs","line_number":543}
{"timestamp":"2026-05-10T11:21:16.065394Z","level":"INFO","fields":{"message":"Retry strategy","max_attempts":5,"base_delay":"3s","no_retry_on_429":false},"filename":"/Users/runner/work/xet-core/xet-core/xet_client/src/cas_client/retry_wrapper.rs","line_number":235}
{"timestamp":"2026-05-10T11:21:16.240887Z","level":"INFO","fields":{"message":"Retry strategy","max_attempts":5,"base_delay":"3s","no_retry_on_429":false},"filename":"/Users/runner/work/xet-core/xet-core/xet_client/src/cas_client/retry_wrapper.rs","line_number":235}
{"timestamp":"2026-05-10T11:21:16.587284Z","level":"INFO","fields":{"message":"Concurrency control for download: Increased concurrency from 38 to 39; reason: success ratio 1.000 is above threshold 0.800 and predicted RTT for 2MB at new concurrency is 53.42s < target 60.0s"},"filename":"/Users/runner/work/xet-core/xet-core/xet_client/src/cas_client/adaptive_concurrency/controller.rs","line_number":543}
{"timestamp":"2026-05-10T11:21:16.587354Z","level":"INFO","fields":{"message":"Retry strategy","max_attempts":5,"base_delay":"3s","no_retry_on_429":false},"filename":"/Users/runner/work/xet-core/xet-core/xet_client/src/cas_client/retry_wrapper.rs","line_number":235}
{"timestamp":"2026-05-10T11:21:16.588233Z","level":"INFO","fields":{"message":"Received CAS response","request_id":"","status_code":206},"filename":"/Users/runner/work/xet-core/xet-core/xet_client/src/common/http_client.rs","line_number":288}
{"timestamp":"2026-05-10T11:21:16.588867Z","level":"INFO","fields":{"message":"Request Success: s3::get_range api call succeeded (request id )."},"filename":"/Users/runner/work/xet-core/xet-core/xet_client/src/cas_client/retry_wrapper.rs","line_number":196}
{"timestamp":"2026-05-10T11:21:16.680251Z","level":"INFO","fields":{"message":"Received CAS response","request_id":"","status_code":206},"filename":"/Users/runner/work/xet-core/xet-core/xet_client/src/common/http_client.rs","line_number":288}
{"timestamp":"2026-05-10T11:21:16.680289Z","level":"INFO","fields":{"message":"Request Success: s3::get_range api call succeeded (request id )."},"filename":"/Users/runner/work/xet-core/xet-core/xet_client/src/cas_client/retry_wrapper.rs","line_number":196}
{"timestamp":"2026-05-10T11:21:16.799661Z","level":"INFO","fields":{"message":"Retry strategy","max_attempts":5,"base_delay":"3s","no_retry_on_429":false},"filename":"/Users/runner/work/xet-core/xet-core/xet_client/src/cas_client/retry_wrapper.rs","line_number":235}
{"timestamp":"2026-05-10T11:21:16.861773Z","level":"INFO","fields":{"message":"Retry strategy","max_attempts":5,"base_delay":"3s","no_retry_on_429":false},"filename":"/Users/runner/work/xet-core/xet-core/xet_client/src/cas_client/retry_wrapper.rs","line_number":235}
{"timestamp":"2026-05-10T11:21:17.000208Z","level":"INFO","fields":{"message":"Retry strategy","max_attempts":5,"base_delay":"3s","no_retry_on_429":false},"filename":"/Users/runner/work/xet-core/xet-core/xet_client/src/cas_client/retry_wrapper.rs","line_number":235}
{"timestamp":"2026-05-10T11:21:17.099774Z","level":"INFO","fields":{"message":"Concurrency control for download: Increased concurrency from 39 to 40; reason: success ratio 1.000 is above threshold 0.800 and predicted RTT for 2MB at new concurrency is 47.80s < target 60.0s"},"filename":"/Users/runner/work/xet-core/xet-core/xet_client/src/cas_client/adaptive_concurrency/controller.rs","line_number":543}
{"timestamp":"2026-05-10T11:21:17.099803Z","level":"INFO","fields":{"message":"Retry strategy","max_attempts":5,"base_delay":"3s","no_retry_on_429":false},"filename":"/Users/runner/work/xet-core/xet-core/xet_client/src/cas_client/retry_wrapper.rs","line_number":235}
{"timestamp":"2026-05-10T11:21:17.615489Z","level":"INFO","fields":{"message":"Concurrency control for download: Increased concurrency from 40 to 41; reason: success ratio 1.000 is above threshold 0.800 and predicted RTT for 2MB at new concurrency is 47.45s < target 60.0s"},"filename":"/Users/runner/work/xet-core/xet-core/xet_client/src/cas_client/adaptive_concurrency/controller.rs","line_number":543}
{"timestamp":"2026-05-10T11:21:17.615650Z","level":"INFO","fields":{"message":"Retry strategy","max_attempts":5,"base_delay":"3s","no_retry_on_429":false},"filename":"/Users/runner/work/xet-core/xet-core/xet_client/src/cas_client/retry_wrapper.rs","line_number":235}
{"timestamp":"2026-05-10T11:21:18.125498Z","level":"INFO","fields":{"message":"Concurrency control for download: Increased concurrency from 41 to 42; reason: success ratio 1.000 is above threshold 0.800 and predicted RTT for 2MB at new concurrency is 46.87s < target 60.0s"},"filename":"/Users/runner/work/xet-core/xet-core/xet_client/src/cas_client/adaptive_concurrency/controller.rs","line_number":543}
{"timestamp":"2026-05-10T11:21:18.125542Z","level":"INFO","fields":{"message":"Retry strategy","max_attempts":5,"base_delay":"3s","no_retry_on_429":false},"filename":"/Users/runner/work/xet-core/xet-core/xet_client/src/cas_client/retry_wrapper.rs","line_number":235}
{"timestamp":"2026-05-10T11:21:18.630668Z","level":"INFO","fields":{"message":"Concurrency control for download: Increased concurrency from 42 to 43; reason: success ratio 1.000 is above threshold 0.800 and predicted RTT for 2MB at new concurrency is 45.48s < target 60.0s"},"filename":"/Users/runner/work/xet-core/xet-core/xet_client/src/cas_client/adaptive_concurrency/controller.rs","line_number":543}
{"timestamp":"2026-05-10T11:21:18.630685Z","level":"INFO","fields":{"message":"Retry strategy","max_attempts":5,"base_delay":"3s","no_retry_on_429":false},"filename":"/Users/runner/work/xet-core/xet-core/xet_client/src/cas_client/retry_wrapper.rs","line_number":235}
{"timestamp":"2026-05-10T11:21:18.838422Z","level":"INFO","fields":{"message":"Received CAS response","request_id":"","status_code":206},"filename":"/Users/runner/work/xet-core/xet-core/xet_client/src/common/http_client.rs","line_number":288}
{"timestamp":"2026-05-10T11:21:18.838443Z","level":"INFO","fields":{"message":"Request Success: s3::get_range api call succeeded (request id )."},"filename":"/Users/runner/work/xet-core/xet-core/xet_client/src/cas_client/retry_wrapper.rs","line_number":196}
{"timestamp":"2026-05-10T11:21:18.945159Z","level":"INFO","fields":{"message":"Retry strategy","max_attempts":5,"base_delay":"3s","no_retry_on_429":false},"filename":"/Users/runner/work/xet-core/xet-core/xet_client/src/cas_client/retry_wrapper.rs","line_number":235}
{"timestamp":"2026-05-10T11:21:18.995344Z","level":"INFO","fields":{"message":"Received CAS response","request_id":"","status_code":206},"filename":"/Users/runner/work/xet-core/xet-core/xet_client/src/common/http_client.rs","line_number":288}
{"timestamp":"2026-05-10T11:21:18.995357Z","level":"INFO","fields":{"message":"Request Success: s3::get_range api call succeeded (request id )."},"filename":"/Users/runner/work/xet-core/xet-core/xet_client/src/cas_client/retry_wrapper.rs","line_number":196}
{"timestamp":"2026-05-10T11:21:19.001830Z","level":"INFO","fields":{"message":"Received CAS response","request_id":"","status_code":206},"filename":"/Users/runner/work/xet-core/xet-core/xet_client/src/common/http_client.rs","line_number":288}
{"timestamp":"2026-05-10T11:21:19.001841Z","level":"INFO","fields":{"message":"Request Success: s3::get_range api call succeeded (request id )."},"filename":"/Users/runner/work/xet-core/xet-core/xet_client/src/cas_client/retry_wrapper.rs","line_number":196}
{"timestamp":"2026-05-10T11:21:19.131571Z","level":"INFO","fields":{"message":"Concurrency control for download: Increased concurrency from 43 to 44; reason: success ratio 1.000 is above threshold 0.800 and predicted RTT for 2MB at new concurrency is 41.94s < target 60.0s"},"filename":"/Users/runner/work/xet-core/xet-core/xet_client/src/cas_client/adaptive_concurrency/controller.rs","line_number":543}
{"timestamp":"2026-05-10T11:21:19.131601Z","level":"INFO","fields":{"message":"Retry strategy","max_attempts":5,"base_delay":"3s","no_retry_on_429":false},"filename":"/Users/runner/work/xet-core/xet-core/xet_client/src/cas_client/retry_wrapper.rs","line_number":235}
{"timestamp":"2026-05-10T11:21:19.271730Z","level":"INFO","fields":{"message":"Retry strategy","max_attempts":5,"base_delay":"3s","no_retry_on_429":false},"filename":"/Users/runner/work/xet-core/xet-core/xet_client/src/cas_client/retry_wrapper.rs","line_number":235}
{"timestamp":"2026-05-10T11:21:19.634172Z","level":"INFO","fields":{"message":"Concurrency control for download: Increased concurrency from 44 to 45; reason: success ratio 1.000 is above threshold 0.800 and predicted RTT for 2MB at new concurrency is 33.86s < target 60.0s"},"filename":"/Users/runner/work/xet-core/xet-core/xet_client/src/cas_client/adaptive_concurrency/controller.rs","line_number":543}
{"timestamp":"2026-05-10T11:21:19.634201Z","level":"INFO","fields":{"message":"Retry strategy","max_attempts":5,"base_delay":"3s","no_retry_on_429":false},"filename":"/Users/runner/work/xet-core/xet-core/xet_client/src/cas_client/retry_wrapper.rs","line_number":235}
{"timestamp":"2026-05-10T11:21:20.146530Z","level":"INFO","fields":{"message":"Concurrency control for download: Increased concurrency from 45 to 46; reason: success ratio 1.000 is above threshold 0.800 and predicted RTT for 2MB at new concurrency is 34.62s < target 60.0s"},"filename":"/Users/runner/work/xet-core/xet-core/xet_client/src/cas_client/adaptive_concurrency/controller.rs","line_number":543}
{"timestamp":"2026-05-10T11:21:20.146631Z","level":"INFO","fields":{"message":"Retry strategy","max_attempts":5,"base_delay":"3s","no_retry_on_429":false},"filename":"/Users/runner/work/xet-core/xet-core/xet_client/src/cas_client/retry_wrapper.rs","line_number":235}
{"timestamp":"2026-05-10T11:21:20.221476Z","level":"INFO","fields":{"message":"Retry strategy","max_attempts":5,"base_delay":"3s","no_retry_on_429":false},"filename":"/Users/runner/work/xet-core/xet-core/xet_client/src/cas_client/retry_wrapper.rs","line_number":235}
{"timestamp":"2026-05-10T11:21:20.247855Z","level":"INFO","fields":{"message":"Retry strategy","max_attempts":5,"base_delay":"3s","no_retry_on_429":false},"filename":"/Users/runner/work/xet-core/xet-core/xet_client/src/cas_client/retry_wrapper.rs","line_number":235}
{"timestamp":"2026-05-10T11:21:20.749754Z","level":"INFO","fields":{"message":"Received CAS response","request_id":"","status_code":206},"filename":"/Users/runner/work/xet-core/xet-core/xet_client/src/common/http_client.rs","line_number":288}
{"timestamp":"2026-05-10T11:21:20.749798Z","level":"INFO","fields":{"message":"Request Success: s3::get_range api call succeeded (request id )."},"filename":"/Users/runner/work/xet-core/xet-core/xet_client/src/cas_client/retry_wrapper.rs","line_number":196}
{"timestamp":"2026-05-10T11:21:20.809332Z","level":"INFO","fields":{"message":"Concurrency control for download: Increased concurrency from 46 to 47; reason: success ratio 1.000 is above threshold 0.800 and predicted RTT for 2MB at new concurrency is 27.77s < target 60.0s"},"filename":"/Users/runner/work/xet-core/xet-core/xet_client/src/cas_client/adaptive_concurrency/controller.rs","line_number":543}
{"timestamp":"2026-05-10T11:21:20.809396Z","level":"INFO","fields":{"message":"Retry strategy","max_attempts":5,"base_delay":"3s","no_retry_on_429":false},"filename":"/Users/runner/work/xet-core/xet-core/xet_client/src/cas_client/retry_wrapper.rs","line_number":235}
{"timestamp":"2026-05-10T11:21:21.312163Z","level":"INFO","fields":{"message":"Concurrency control for download: Increased concurrency from 47 to 48; reason: success ratio 1.000 is above threshold 0.800 and predicted RTT for 2MB at new concurrency is 28.76s < target 60.0s"},"filename":"/Users/runner/work/xet-core/xet-core/xet_client/src/cas_client/adaptive_concurrency/controller.rs","line_number":543}
{"timestamp":"2026-05-10T11:21:21.312257Z","level":"INFO","fields":{"message":"Retry strategy","max_attempts":5,"base_delay":"3s","no_retry_on_429":false},"filename":"/Users/runner/work/xet-core/xet-core/xet_client/src/cas_client/retry_wrapper.rs","line_number":235}
{"timestamp":"2026-05-10T11:21:21.823751Z","level":"INFO","fields":{"message":"Concurrency control for download: Increased concurrency from 48 to 49; reason: success ratio 1.000 is above threshold 0.800 and predicted RTT for 2MB at new concurrency is 31.11s < target 60.0s"},"filename":"/Users/runner/work/xet-core/xet-core/xet_client/src/cas_client/adaptive_concurrency/controller.rs","line_number":543}
{"timestamp":"2026-05-10T11:21:21.823826Z","level":"INFO","fields":{"message":"Retry strategy","max_attempts":5,"base_delay":"3s","no_retry_on_429":false},"filename":"/Users/runner/work/xet-core/xet-core/xet_client/src/cas_client/retry_wrapper.rs","line_number":235}
{"timestamp":"2026-05-10T11:21:22.085208Z","level":"INFO","fields":{"message":"Retry strategy","max_attempts":5,"base_delay":"3s","no_retry_on_429":false},"filename":"/Users/runner/work/xet-core/xet-core/xet_client/src/cas_client/retry_wrapper.rs","line_number":235}
{"timestamp":"2026-05-10T11:21:22.154113Z","level":"INFO","fields":{"message":"Retry strategy","max_attempts":5,"base_delay":"3s","no_retry_on_429":false},"filename":"/Users/runner/work/xet-core/xet-core/xet_client/src/cas_client/retry_wrapper.rs","line_number":235}
{"timestamp":"2026-05-10T11:21:22.378357Z","level":"INFO","fields":{"message":"Concurrency control for download: Increased concurrency from 49 to 50; reason: success ratio 1.000 is above threshold 0.800 and predicted RTT for 2MB at new concurrency is 34.61s < target 60.0s"},"filename":"/Users/runner/work/xet-core/xet-core/xet_client/src/cas_client/adaptive_concurrency/controller.rs","line_number":543}
{"timestamp":"2026-05-10T11:21:22.378459Z","level":"INFO","fields":{"message":"Retry strategy","max_attempts":5,"base_delay":"3s","no_retry_on_429":false},"filename":"/Users/runner/work/xet-core/xet-core/xet_client/src/cas_client/retry_wrapper.rs","line_number":235}
{"timestamp":"2026-05-10T11:21:22.900201Z","level":"INFO","fields":{"message":"Concurrency control for download: Increased concurrency from 50 to 51; reason: success ratio 1.000 is above threshold 0.800 and predicted RTT for 2MB at new concurrency is 35.10s < target 60.0s"},"filename":"/Users/runner/work/xet-core/xet-core/xet_client/src/cas_client/adaptive_concurrency/controller.rs","line_number":543}
{"timestamp":"2026-05-10T11:21:22.900288Z","level":"INFO","fields":{"message":"Retry strategy","max_attempts":5,"base_delay":"3s","no_retry_on_429":false},"filename":"/Users/runner/work/xet-core/xet-core/xet_client/src/cas_client/retry_wrapper.rs","line_number":235}
{"timestamp":"2026-05-10T11:21:22.918516Z","level":"INFO","fields":{"message":"Retry strategy","max_attempts":5,"base_delay":"3s","no_retry_on_429":false},"filename":"/Users/runner/work/xet-core/xet-core/xet_client/src/cas_client/retry_wrapper.rs","line_number":235}
{"timestamp":"2026-05-10T11:21:23.422937Z","level":"INFO","fields":{"message":"Concurrency control for download: Increased concurrency from 51 to 52; reason: success ratio 1.000 is above threshold 0.800 and predicted RTT for 2MB at new concurrency is 33.75s < target 60.0s"},"filename":"/Users/runner/work/xet-core/xet-core/xet_client/src/cas_client/adaptive_concurrency/controller.rs","line_number":543}
{"timestamp":"2026-05-10T11:21:23.422970Z","level":"INFO","fields":{"message":"Retry strategy","max_attempts":5,"base_delay":"3s","no_retry_on_429":false},"filename":"/Users/runner/work/xet-core/xet-core/xet_client/src/cas_client/retry_wrapper.rs","line_number":235}
{"timestamp":"2026-05-10T11:21:23.929874Z","level":"INFO","fields":{"message":"Concurrency control for download: Increased concurrency from 52 to 53; reason: success ratio 1.000 is above threshold 0.800 and predicted RTT for 2MB at new concurrency is 33.87s < target 60.0s"},"filename":"/Users/runner/work/xet-core/xet-core/xet_client/src/cas_client/adaptive_concurrency/controller.rs","line_number":543}
{"timestamp":"2026-05-10T11:21:23.929936Z","level":"INFO","fields":{"message":"Retry strategy","max_attempts":5,"base_delay":"3s","no_retry_on_429":false},"filename":"/Users/runner/work/xet-core/xet-core/xet_client/src/cas_client/retry_wrapper.rs","line_number":235}
{"timestamp":"2026-05-10T11:21:24.348246Z","level":"INFO","fields":{"message":"Retry strategy","max_attempts":5,"base_delay":"3s","no_retry_on_429":false},"filename":"/Users/runner/work/xet-core/xet-core/xet_client/src/cas_client/retry_wrapper.rs","line_number":235}
{"timestamp":"2026-05-10T11:21:24.401000Z","level":"INFO","fields":{"message":"Retry strategy","max_attempts":5,"base_delay":"3s","no_retry_on_429":false},"filename":"/Users/runner/work/xet-core/xet-core/xet_client/src/cas_client/retry_wrapper.rs","line_number":235}
{"timestamp":"2026-05-10T11:21:24.466308Z","level":"INFO","fields":{"message":"Concurrency control for download: Increased concurrency from 53 to 54; reason: success ratio 1.000 is above threshold 0.800 and predicted RTT for 3MB at new concurrency is 51.36s < target 60.0s"},"filename":"/Users/runner/work/xet-core/xet-core/xet_client/src/cas_client/adaptive_concurrency/controller.rs","line_number":543}
{"timestamp":"2026-05-10T11:21:24.466350Z","level":"INFO","fields":{"message":"Retry strategy","max_attempts":5,"base_delay":"3s","no_retry_on_429":false},"filename":"/Users/runner/work/xet-core/xet-core/xet_client/src/cas_client/retry_wrapper.rs","line_number":235}
{"timestamp":"2026-05-10T11:21:24.541224Z","level":"INFO","fields":{"message":"Retry strategy","max_attempts":5,"base_delay":"3s","no_retry_on_429":false},"filename":"/Users/runner/work/xet-core/xet-core/xet_client/src/cas_client/retry_wrapper.rs","line_number":235}
{"timestamp":"2026-05-10T11:21:24.671217Z","level":"INFO","fields":{"message":"Retry strategy","max_attempts":5,"base_delay":"3s","no_retry_on_429":false},"filename":"/Users/runner/work/xet-core/xet-core/xet_client/src/cas_client/retry_wrapper.rs","line_number":235}
{"timestamp":"2026-05-10T11:21:24.784690Z","level":"INFO","fields":{"message":"Concurrency control for download: Current concurrency = 54; predicted bandwidth = 1181169; success_ratio = 1.000; reference_size = 3.0MB; observed bytes sent so far = 61947125; completed transmissions = 33"},"filename":"/Users/runner/work/xet-core/xet-core/xet_client/src/cas_client/adaptive_concurrency/controller.rs","line_number":597}
{"timestamp":"2026-05-10T11:21:24.842430Z","level":"INFO","fields":{"message":"Retry strategy","max_attempts":5,"base_delay":"3s","no_retry_on_429":false},"filename":"/Users/runner/work/xet-core/xet-core/xet_client/src/cas_client/retry_wrapper.rs","line_number":235}
{"timestamp":"2026-05-10T11:21:24.848426Z","level":"INFO","fields":{"message":"Retry strategy","max_attempts":5,"base_delay":"3s","no_retry_on_429":false},"filename":"/Users/runner/work/xet-core/xet-core/xet_client/src/cas_client/retry_wrapper.rs","line_number":235}
{"timestamp":"2026-05-10T11:21:24.969676Z","level":"INFO","fields":{"message":"Concurrency control for download: Increased concurrency from 54 to 55; reason: success ratio 1.000 is above threshold 0.800 and predicted RTT for 3MB at new concurrency is 37.68s < target 60.0s"},"filename":"/Users/runner/work/xet-core/xet-core/xet_client/src/cas_client/adaptive_concurrency/controller.rs","line_number":543}
{"timestamp":"2026-05-10T11:21:24.969762Z","level":"INFO","fields":{"message":"Retry strategy","max_attempts":5,"base_delay":"3s","no_retry_on_429":false},"filename":"/Users/runner/work/xet-core/xet-core/xet_client/src/cas_client/retry_wrapper.rs","line_number":235}
{"timestamp":"2026-05-10T11:21:25.499122Z","level":"INFO","fields":{"message":"Concurrency control for download: Increased concurrency from 55 to 56; reason: success ratio 1.000 is above threshold 0.800 and predicted RTT for 3MB at new concurrency is 37.29s < target 60.0s"},"filename":"/Users/runner/work/xet-core/xet-core/xet_client/src/cas_client/adaptive_concurrency/controller.rs","line_number":543}
{"timestamp":"2026-05-10T11:21:25.499240Z","level":"INFO","fields":{"message":"Retry strategy","max_attempts":5,"base_delay":"3s","no_retry_on_429":false},"filename":"/Users/runner/work/xet-core/xet-core/xet_client/src/cas_client/retry_wrapper.rs","line_number":235}
{"timestamp":"2026-05-10T11:21:25.677483Z","level":"INFO","fields":{"message":"Retry strategy","max_attempts":5,"base_delay":"3s","no_retry_on_429":false},"filename":"/Users/runner/work/xet-core/xet-core/xet_client/src/cas_client/retry_wrapper.rs","line_number":235}
{"timestamp":"2026-05-10T11:21:25.753795Z","level":"INFO","fields":{"message":"Received CAS response","request_id":"","status_code":206},"filename":"/Users/runner/work/xet-core/xet-core/xet_client/src/common/http_client.rs","line_number":288}
{"timestamp":"2026-05-10T11:21:25.753809Z","level":"INFO","fields":{"message":"Request Success: s3::get_range api call succeeded (request id )."},"filename":"/Users/runner/work/xet-core/xet-core/xet_client/src/cas_client/retry_wrapper.rs","line_number":196}
{"timestamp":"2026-05-10T11:21:25.802700Z","level":"INFO","fields":{"message":"Received CAS response","request_id":"","status_code":206},"filename":"/Users/runner/work/xet-core/xet-core/xet_client/src/common/http_client.rs","line_number":288}
{"timestamp":"2026-05-10T11:21:25.802730Z","level":"INFO","fields":{"message":"Request Success: s3::get_range api call succeeded (request id )."},"filename":"/Users/runner/work/xet-core/xet-core/xet_client/src/cas_client/retry_wrapper.rs","line_number":196}
{"timestamp":"2026-05-10T11:21:25.808658Z","level":"INFO","fields":{"message":"Retry strategy","max_attempts":5,"base_delay":"3s","no_retry_on_429":false},"filename":"/Users/runner/work/xet-core/xet-core/xet_client/src/cas_client/retry_wrapper.rs","line_number":235}
{"timestamp":"2026-05-10T11:21:25.819064Z","level":"INFO","fields":{"message":"Retry strategy","max_attempts":5,"base_delay":"3s","no_retry_on_429":false},"filename":"/Users/runner/work/xet-core/xet-core/xet_client/src/cas_client/retry_wrapper.rs","line_number":235}
{"timestamp":"2026-05-10T11:21:25.909248Z","level":"INFO","fields":{"message":"Received CAS response","request_id":"","status_code":206},"filename":"/Users/runner/work/xet-core/xet-core/xet_client/src/common/http_client.rs","line_number":288}
{"timestamp":"2026-05-10T11:21:25.909261Z","level":"INFO","fields":{"message":"Request Success: s3::get_range api call succeeded (request id )."},"filename":"/Users/runner/work/xet-core/xet-core/xet_client/src/cas_client/retry_wrapper.rs","line_number":196}
{"timestamp":"2026-05-10T11:21:25.973039Z","level":"INFO","fields":{"message":"Retry strategy","max_attempts":5,"base_delay":"3s","no_retry_on_429":false},"filename":"/Users/runner/work/xet-core/xet-core/xet_client/src/cas_client/retry_wrapper.rs","line_number":235}
{"timestamp":"2026-05-10T11:21:25.993013Z","level":"INFO","fields":{"message":"Received CAS response","request_id":"","status_code":206},"filename":"/Users/runner/work/xet-core/xet-core/xet_client/src/common/http_client.rs","line_number":288}
{"timestamp":"2026-05-10T11:21:25.993045Z","level":"INFO","fields":{"message":"Request Success: s3::get_range api call succeeded (request id )."},"filename":"/Users/runner/work/xet-core/xet-core/xet_client/src/cas_client/retry_wrapper.rs","line_number":196}
{"timestamp":"2026-05-10T11:21:26.015505Z","level":"INFO","fields":{"message":"Concurrency control for download: Increased concurrency from 56 to 57; reason: success ratio 1.000 is above threshold 0.800 and predicted RTT for 2MB at new concurrency is 39.31s < target 60.0s"},"filename":"/Users/runner/work/xet-core/xet-core/xet_client/src/cas_client/adaptive_concurrency/controller.rs","line_number":543}
{"timestamp":"2026-05-10T11:21:26.015523Z","level":"INFO","fields":{"message":"Retry strategy","max_attempts":5,"base_delay":"3s","no_retry_on_429":false},"filename":"/Users/runner/work/xet-core/xet-core/xet_client/src/cas_client/retry_wrapper.rs","line_number":235}
{"timestamp":"2026-05-10T11:21:26.098016Z","level":"INFO","fields":{"message":"Received CAS response","request_id":"","status_code":206},"filename":"/Users/runner/work/xet-core/xet-core/xet_client/src/common/http_client.rs","line_number":288}
{"timestamp":"2026-05-10T11:21:26.098055Z","level":"INFO","fields":{"message":"Request Success: s3::get_range api call succeeded (request id )."},"filename":"/Users/runner/work/xet-core/xet-core/xet_client/src/cas_client/retry_wrapper.rs","line_number":196}
{"timestamp":"2026-05-10T11:21:26.267305Z","level":"INFO","fields":{"message":"Retry strategy","max_attempts":5,"base_delay":"3s","no_retry_on_429":false},"filename":"/Users/runner/work/xet-core/xet-core/xet_client/src/cas_client/retry_wrapper.rs","line_number":235}
{"timestamp":"2026-05-10T11:21:26.274511Z","level":"INFO","fields":{"message":"Retry strategy","max_attempts":5,"base_delay":"3s","no_retry_on_429":false},"filename":"/Users/runner/work/xet-core/xet-core/xet_client/src/cas_client/retry_wrapper.rs","line_number":235}
{"timestamp":"2026-05-10T11:21:26.458103Z","level":"INFO","fields":{"message":"Retry strategy","max_attempts":5,"base_delay":"3s","no_retry_on_429":false},"filename":"/Users/runner/work/xet-core/xet-core/xet_client/src/cas_client/retry_wrapper.rs","line_number":235}
{"timestamp":"2026-05-10T11:21:26.510614Z","level":"INFO","fields":{"message":"Retry strategy","max_attempts":5,"base_delay":"3s","no_retry_on_429":false},"filename":"/Users/runner/work/xet-core/xet-core/xet_client/src/cas_client/retry_wrapper.rs","line_number":235}
{"timestamp":"2026-05-10T11:21:26.522711Z","level":"INFO","fields":{"message":"Concurrency control for download: Increased concurrency from 57 to 58; reason: success ratio 1.000 is above threshold 0.800 and predicted RTT for 3MB at new concurrency is 24.29s < target 60.0s"},"filename":"/Users/runner/work/xet-core/xet-core/xet_client/src/cas_client/adaptive_concurrency/controller.rs","line_number":543}
{"timestamp":"2026-05-10T11:21:26.522764Z","level":"INFO","fields":{"message":"Retry strategy","max_attempts":5,"base_delay":"3s","no_retry_on_429":false},"filename":"/Users/runner/work/xet-core/xet-core/xet_client/src/cas_client/retry_wrapper.rs","line_number":235}
{"timestamp":"2026-05-10T11:21:26.785313Z","level":"INFO","fields":{"message":"Received CAS response","request_id":"","status_code":206},"filename":"/Users/runner/work/xet-core/xet-core/xet_client/src/common/http_client.rs","line_number":288}
{"timestamp":"2026-05-10T11:21:26.785348Z","level":"INFO","fields":{"message":"Request Success: s3::get_range api call succeeded (request id )."},"filename":"/Users/runner/work/xet-core/xet-core/xet_client/src/cas_client/retry_wrapper.rs","line_number":196}
{"timestamp":"2026-05-10T11:21:26.799891Z","level":"INFO","fields":{"message":"Received CAS response","request_id":"","status_code":206},"filename":"/Users/runner/work/xet-core/xet-core/xet_client/src/common/http_client.rs","line_number":288}
{"timestamp":"2026-05-10T11:21:26.799917Z","level":"INFO","fields":{"message":"Request Success: s3::get_range api call succeeded (request id )."},"filename":"/Users/runner/work/xet-core/xet-core/xet_client/src/cas_client/retry_wrapper.rs","line_number":196}
{"timestamp":"2026-05-10T11:21:26.802187Z","level":"INFO","fields":{"message":"Received CAS response","request_id":"","status_code":206},"filename":"/Users/runner/work/xet-core/xet-core/xet_client/src/common/http_client.rs","line_number":288}
{"timestamp":"2026-05-10T11:21:26.802196Z","level":"INFO","fields":{"message":"Request Success: s3::get_range api call succeeded (request id )."},"filename":"/Users/runner/work/xet-core/xet-core/xet_client/src/cas_client/retry_wrapper.rs","line_number":196}
{"timestamp":"2026-05-10T11:21:26.916979Z","level":"INFO","fields":{"message":"Retry strategy","max_attempts":5,"base_delay":"3s","no_retry_on_429":false},"filename":"/Users/runner/work/xet-core/xet-core/xet_client/src/cas_client/retry_wrapper.rs","line_number":235}
{"timestamp":"2026-05-10T11:21:26.991547Z","level":"INFO","fields":{"message":"Retry strategy","max_attempts":5,"base_delay":"3s","no_retry_on_429":false},"filename":"/Users/runner/work/xet-core/xet-core/xet_client/src/cas_client/retry_wrapper.rs","line_number":235}
{"timestamp":"2026-05-10T11:21:27.033850Z","level":"INFO","fields":{"message":"Concurrency control for download: Increased concurrency from 58 to 59; reason: success ratio 1.000 is above threshold 0.800 and predicted RTT for 3MB at new concurrency is 25.35s < target 60.0s"},"filename":"/Users/runner/work/xet-core/xet-core/xet_client/src/cas_client/adaptive_concurrency/controller.rs","line_number":543}
{"timestamp":"2026-05-10T11:21:27.033869Z","level":"INFO","fields":{"message":"Retry strategy","max_attempts":5,"base_delay":"3s","no_retry_on_429":false},"filename":"/Users/runner/work/xet-core/xet-core/xet_client/src/cas_client/retry_wrapper.rs","line_number":235}
{"timestamp":"2026-05-10T11:21:27.048365Z","level":"INFO","fields":{"message":"Received CAS response","request_id":"","status_code":206},"filename":"/Users/runner/work/xet-core/xet-core/xet_client/src/common/http_client.rs","line_number":288}
{"timestamp":"2026-05-10T11:21:27.048374Z","level":"INFO","fields":{"message":"Request Success: s3::get_range api call succeeded (request id )."},"filename":"/Users/runner/work/xet-core/xet-core/xet_client/src/cas_client/retry_wrapper.rs","line_number":196}
{"timestamp":"2026-05-10T11:21:27.061830Z","level":"INFO","fields":{"message":"Received CAS response","request_id":"","status_code":206},"filename":"/Users/runner/work/xet-core/xet-core/xet_client/src/common/http_client.rs","line_number":288}
{"timestamp":"2026-05-10T11:21:27.061842Z","level":"INFO","fields":{"message":"Request Success: s3::get_range api call succeeded (request id )."},"filename":"/Users/runner/work/xet-core/xet-core/xet_client/src/cas_client/retry_wrapper.rs","line_number":196}
{"timestamp":"2026-05-10T11:21:27.079720Z","level":"INFO","fields":{"message":"Received CAS response","request_id":"","status_code":206},"filename":"/Users/runner/work/xet-core/xet-core/xet_client/src/common/http_client.rs","line_number":288}
{"timestamp":"2026-05-10T11:21:27.079726Z","level":"INFO","fields":{"message":"Request Success: s3::get_range api call succeeded (request id )."},"filename":"/Users/runner/work/xet-core/xet-core/xet_client/src/cas_client/retry_wrapper.rs","line_number":196}
{"timestamp":"2026-05-10T11:21:27.124707Z","level":"INFO","fields":{"message":"Received CAS response","request_id":"","status_code":206},"filename":"/Users/runner/work/xet-core/xet-core/xet_client/src/common/http_client.rs","line_number":288}
{"timestamp":"2026-05-10T11:21:27.124718Z","level":"INFO","fields":{"message":"Request Success: s3::get_range api call succeeded (request id )."},"filename":"/Users/runner/work/xet-core/xet-core/xet_client/src/cas_client/retry_wrapper.rs","line_number":196}
{"timestamp":"2026-05-10T11:21:27.255379Z","level":"INFO","fields":{"message":"Retry strategy","max_attempts":5,"base_delay":"3s","no_retry_on_429":false},"filename":"/Users/runner/work/xet-core/xet-core/xet_client/src/cas_client/retry_wrapper.rs","line_number":235}
{"timestamp":"2026-05-10T11:21:27.270923Z","level":"INFO","fields":{"message":"Retry strategy","max_attempts":5,"base_delay":"3s","no_retry_on_429":false},"filename":"/Users/runner/work/xet-core/xet-core/xet_client/src/cas_client/retry_wrapper.rs","line_number":235}
{"timestamp":"2026-05-10T11:21:27.287208Z","level":"INFO","fields":{"message":"Retry strategy","max_attempts":5,"base_delay":"3s","no_retry_on_429":false},"filename":"/Users/runner/work/xet-core/xet-core/xet_client/src/cas_client/retry_wrapper.rs","line_number":235}
{"timestamp":"2026-05-10T11:21:27.309001Z","level":"INFO","fields":{"message":"Received CAS response","request_id":"","status_code":206},"filename":"/Users/runner/work/xet-core/xet-core/xet_client/src/common/http_client.rs","line_number":288}
{"timestamp":"2026-05-10T11:21:27.309011Z","level":"INFO","fields":{"message":"Request Success: s3::get_range api call succeeded (request id )."},"filename":"/Users/runner/work/xet-core/xet-core/xet_client/src/cas_client/retry_wrapper.rs","line_number":196}
{"timestamp":"2026-05-10T11:21:27.309577Z","level":"INFO","fields":{"message":"Received CAS response","request_id":"","status_code":206},"filename":"/Users/runner/work/xet-core/xet-core/xet_client/src/common/http_client.rs","line_number":288}
{"timestamp":"2026-05-10T11:21:27.309583Z","level":"INFO","fields":{"message":"Request Success: s3::get_range api call succeeded (request id )."},"filename":"/Users/runner/work/xet-core/xet-core/xet_client/src/cas_client/retry_wrapper.rs","line_number":196}
{"timestamp":"2026-05-10T11:21:27.357553Z","level":"INFO","fields":{"message":"Retry strategy","max_attempts":5,"base_delay":"3s","no_retry_on_429":false},"filename":"/Users/runner/work/xet-core/xet-core/xet_client/src/cas_client/retry_wrapper.rs","line_number":235}
{"timestamp":"2026-05-10T11:21:27.363227Z","level":"INFO","fields":{"message":"Retry strategy","max_attempts":5,"base_delay":"3s","no_retry_on_429":false},"filename":"/Users/runner/work/xet-core/xet-core/xet_client/src/cas_client/retry_wrapper.rs","line_number":235}
{"timestamp":"2026-05-10T11:21:27.420041Z","level":"INFO","fields":{"message":"Retry strategy","max_attempts":5,"base_delay":"3s","no_retry_on_429":false},"filename":"/Users/runner/work/xet-core/xet-core/xet_client/src/cas_client/retry_wrapper.rs","line_number":235}
{"timestamp":"2026-05-10T11:21:27.458359Z","level":"INFO","fields":{"message":"Received CAS response","request_id":"","status_code":206},"filename":"/Users/runner/work/xet-core/xet-core/xet_client/src/common/http_client.rs","line_number":288}
{"timestamp":"2026-05-10T11:21:27.458393Z","level":"INFO","fields":{"message":"Request Success: s3::get_range api call succeeded (request id )."},"filename":"/Users/runner/work/xet-core/xet-core/xet_client/src/cas_client/retry_wrapper.rs","line_number":196}
{"timestamp":"2026-05-10T11:21:27.537483Z","level":"INFO","fields":{"message":"Concurrency control for download: Increased concurrency from 59 to 60; reason: success ratio 1.000 is above threshold 0.800 and predicted RTT for 3MB at new concurrency is 29.37s < target 60.0s"},"filename":"/Users/runner/work/xet-core/xet-core/xet_client/src/cas_client/adaptive_concurrency/controller.rs","line_number":543}
{"timestamp":"2026-05-10T11:21:27.537591Z","level":"INFO","fields":{"message":"Retry strategy","max_attempts":5,"base_delay":"3s","no_retry_on_429":false},"filename":"/Users/runner/work/xet-core/xet-core/xet_client/src/cas_client/retry_wrapper.rs","line_number":235}
{"timestamp":"2026-05-10T11:21:27.537601Z","level":"INFO","fields":{"message":"Retry strategy","max_attempts":5,"base_delay":"3s","no_retry_on_429":false},"filename":"/Users/runner/work/xet-core/xet-core/xet_client/src/cas_client/retry_wrapper.rs","line_number":235}
{"timestamp":"2026-05-10T11:21:27.576098Z","level":"INFO","fields":{"message":"Received CAS response","request_id":"","status_code":206},"filename":"/Users/runner/work/xet-core/xet-core/xet_client/src/common/http_client.rs","line_number":288}
{"timestamp":"2026-05-10T11:21:27.576131Z","level":"INFO","fields":{"message":"Request Success: s3::get_range api call succeeded (request id )."},"filename":"/Users/runner/work/xet-core/xet-core/xet_client/src/cas_client/retry_wrapper.rs","line_number":196}
{"timestamp":"2026-05-10T11:21:27.680885Z","level":"INFO","fields":{"message":"Retry strategy","max_attempts":5,"base_delay":"3s","no_retry_on_429":false},"filename":"/Users/runner/work/xet-core/xet-core/xet_client/src/cas_client/retry_wrapper.rs","line_number":235}
{"timestamp":"2026-05-10T11:21:27.720971Z","level":"INFO","fields":{"message":"Received CAS response","request_id":"","status_code":206},"filename":"/Users/runner/work/xet-core/xet-core/xet_client/src/common/http_client.rs","line_number":288}
{"timestamp":"2026-05-10T11:21:27.721001Z","level":"INFO","fields":{"message":"Request Success: s3::get_range api call succeeded (request id )."},"filename":"/Users/runner/work/xet-core/xet-core/xet_client/src/cas_client/retry_wrapper.rs","line_number":196}
{"timestamp":"2026-05-10T11:21:27.817497Z","level":"INFO","fields":{"message":"Received CAS response","request_id":"","status_code":206},"filename":"/Users/runner/work/xet-core/xet-core/xet_client/src/common/http_client.rs","line_number":288}
{"timestamp":"2026-05-10T11:21:27.817522Z","level":"INFO","fields":{"message":"Request Success: s3::get_range api call succeeded (request id )."},"filename":"/Users/runner/work/xet-core/xet-core/xet_client/src/cas_client/retry_wrapper.rs","line_number":196}
{"timestamp":"2026-05-10T11:21:27.883099Z","level":"INFO","fields":{"message":"Received CAS response","request_id":"","status_code":206},"filename":"/Users/runner/work/xet-core/xet-core/xet_client/src/common/http_client.rs","line_number":288}
{"timestamp":"2026-05-10T11:21:27.883132Z","level":"INFO","fields":{"message":"Request Success: s3::get_range api call succeeded (request id )."},"filename":"/Users/runner/work/xet-core/xet-core/xet_client/src/cas_client/retry_wrapper.rs","line_number":196}
{"timestamp":"2026-05-10T11:21:28.051529Z","level":"INFO","fields":{"message":"Concurrency control for download: Increased concurrency from 60 to 61; reason: success ratio 1.000 is above threshold 0.800 and predicted RTT for 4MB at new concurrency is 28.30s < target 60.0s"},"filename":"/Users/runner/work/xet-core/xet-core/xet_client/src/cas_client/adaptive_concurrency/controller.rs","line_number":543}
{"timestamp":"2026-05-10T11:21:28.051595Z","level":"INFO","fields":{"message":"Retry strategy","max_attempts":5,"base_delay":"3s","no_retry_on_429":false},"filename":"/Users/runner/work/xet-core/xet-core/xet_client/src/cas_client/retry_wrapper.rs","line_number":235}
{"timestamp":"2026-05-10T11:21:28.090648Z","level":"INFO","fields":{"message":"Received CAS response","request_id":"","status_code":206},"filename":"/Users/runner/work/xet-core/xet-core/xet_client/src/common/http_client.rs","line_number":288}
{"timestamp":"2026-05-10T11:21:28.090672Z","level":"INFO","fields":{"message":"Request Success: s3::get_range api call succeeded (request id )."},"filename":"/Users/runner/work/xet-core/xet-core/xet_client/src/cas_client/retry_wrapper.rs","line_number":196}
{"timestamp":"2026-05-10T11:21:28.164139Z","level":"INFO","fields":{"message":"Received CAS response","request_id":"","status_code":206},"filename":"/Users/runner/work/xet-core/xet-core/xet_client/src/common/http_client.rs","line_number":288}
{"timestamp":"2026-05-10T11:21:28.164157Z","level":"INFO","fields":{"message":"Request Success: s3::get_range api call succeeded (request id )."},"filename":"/Users/runner/work/xet-core/xet-core/xet_client/src/cas_client/retry_wrapper.rs","line_number":196}
{"timestamp":"2026-05-10T11:21:28.368557Z","level":"INFO","fields":{"message":"Retry strategy","max_attempts":5,"base_delay":"3s","no_retry_on_429":false},"filename":"/Users/runner/work/xet-core/xet-core/xet_client/src/cas_client/retry_wrapper.rs","line_number":235}
{"timestamp":"2026-05-10T11:21:28.554310Z","level":"INFO","fields":{"message":"Concurrency control for download: Increased concurrency from 61 to 62; reason: success ratio 1.000 is above threshold 0.800 and predicted RTT for 4MB at new concurrency is 28.11s < target 60.0s"},"filename":"/Users/runner/work/xet-core/xet-core/xet_client/src/cas_client/adaptive_concurrency/controller.rs","line_number":543}
{"timestamp":"2026-05-10T11:21:28.554339Z","level":"INFO","fields":{"message":"Retry strategy","max_attempts":5,"base_delay":"3s","no_retry_on_429":false},"filename":"/Users/runner/work/xet-core/xet-core/xet_client/src/cas_client/retry_wrapper.rs","line_number":235}
{"timestamp":"2026-05-10T11:21:28.597155Z","level":"INFO","fields":{"message":"Received CAS response","request_id":"","status_code":206},"filename":"/Users/runner/work/xet-core/xet-core/xet_client/src/common/http_client.rs","line_number":288}
{"timestamp":"2026-05-10T11:21:28.597184Z","level":"INFO","fields":{"message":"Request Success: s3::get_range api call succeeded (request id )."},"filename":"/Users/runner/work/xet-core/xet-core/xet_client/src/cas_client/retry_wrapper.rs","line_number":196}
{"timestamp":"2026-05-10T11:21:28.603553Z","level":"INFO","fields":{"message":"Received CAS response","request_id":"","status_code":206},"filename":"/Users/runner/work/xet-core/xet-core/xet_client/src/common/http_client.rs","line_number":288}
{"timestamp":"2026-05-10T11:21:28.603575Z","level":"INFO","fields":{"message":"Request Success: s3::get_range api call succeeded (request id )."},"filename":"/Users/runner/work/xet-core/xet-core/xet_client/src/cas_client/retry_wrapper.rs","line_number":196}
{"timestamp":"2026-05-10T11:21:28.625037Z","level":"INFO","fields":{"message":"Received CAS response","request_id":"","status_code":206},"filename":"/Users/runner/work/xet-core/xet-core/xet_client/src/common/http_client.rs","line_number":288}
{"timestamp":"2026-05-10T11:21:28.625067Z","level":"INFO","fields":{"message":"Request Success: s3::get_range api call succeeded (request id )."},"filename":"/Users/runner/work/xet-core/xet-core/xet_client/src/cas_client/retry_wrapper.rs","line_number":196}
{"timestamp":"2026-05-10T11:21:28.628785Z","level":"INFO","fields":{"message":"Received CAS response","request_id":"","status_code":206},"filename":"/Users/runner/work/xet-core/xet-core/xet_client/src/common/http_client.rs","line_number":288}
{"timestamp":"2026-05-10T11:21:28.628806Z","level":"INFO","fields":{"message":"Request Success: s3::get_range api call succeeded (request id )."},"filename":"/Users/runner/work/xet-core/xet-core/xet_client/src/cas_client/retry_wrapper.rs","line_number":196}
{"timestamp":"2026-05-10T11:21:28.663863Z","level":"INFO","fields":{"message":"Received CAS response","request_id":"","status_code":206},"filename":"/Users/runner/work/xet-core/xet-core/xet_client/src/common/http_client.rs","line_number":288}
{"timestamp":"2026-05-10T11:21:28.663883Z","level":"INFO","fields":{"message":"Request Success: s3::get_range api call succeeded (request id )."},"filename":"/Users/runner/work/xet-core/xet-core/xet_client/src/cas_client/retry_wrapper.rs","line_number":196}
{"timestamp":"2026-05-10T11:21:28.713255Z","level":"INFO","fields":{"message":"Retry strategy","max_attempts":5,"base_delay":"3s","no_retry_on_429":false},"filename":"/Users/runner/work/xet-core/xet-core/xet_client/src/cas_client/retry_wrapper.rs","line_number":235}
{"timestamp":"2026-05-10T11:21:28.752996Z","level":"INFO","fields":{"message":"Retry strategy","max_attempts":5,"base_delay":"3s","no_retry_on_429":false},"filename":"/Users/runner/work/xet-core/xet-core/xet_client/src/cas_client/retry_wrapper.rs","line_number":235}
{"timestamp":"2026-05-10T11:21:28.762123Z","level":"INFO","fields":{"message":"Retry strategy","max_attempts":5,"base_delay":"3s","no_retry_on_429":false},"filename":"/Users/runner/work/xet-core/xet-core/xet_client/src/cas_client/retry_wrapper.rs","line_number":235}
{"timestamp":"2026-05-10T11:21:28.784744Z","level":"INFO","fields":{"message":"Received CAS response","request_id":"","status_code":206},"filename":"/Users/runner/work/xet-core/xet-core/xet_client/src/common/http_client.rs","line_number":288}
{"timestamp":"2026-05-10T11:21:28.784767Z","level":"INFO","fields":{"message":"Request Success: s3::get_range api call succeeded (request id )."},"filename":"/Users/runner/work/xet-core/xet-core/xet_client/src/cas_client/retry_wrapper.rs","line_number":196}
{"timestamp":"2026-05-10T11:21:28.820881Z","level":"INFO","fields":{"message":"Received CAS response","request_id":"","status_code":206},"filename":"/Users/runner/work/xet-core/xet-core/xet_client/src/common/http_client.rs","line_number":288}
{"timestamp":"2026-05-10T11:21:28.820894Z","level":"INFO","fields":{"message":"Request Success: s3::get_range api call succeeded (request id )."},"filename":"/Users/runner/work/xet-core/xet-core/xet_client/src/cas_client/retry_wrapper.rs","line_number":196}
{"timestamp":"2026-05-10T11:21:28.850985Z","level":"INFO","fields":{"message":"Retry strategy","max_attempts":5,"base_delay":"3s","no_retry_on_429":false},"filename":"/Users/runner/work/xet-core/xet-core/xet_client/src/cas_client/retry_wrapper.rs","line_number":235}
{"timestamp":"2026-05-10T11:21:28.852064Z","level":"INFO","fields":{"message":"Received CAS response","request_id":"","status_code":206},"filename":"/Users/runner/work/xet-core/xet-core/xet_client/src/common/http_client.rs","line_number":288}
{"timestamp":"2026-05-10T11:21:28.852072Z","level":"INFO","fields":{"message":"Request Success: s3::get_range api call succeeded (request id )."},"filename":"/Users/runner/work/xet-core/xet-core/xet_client/src/cas_client/retry_wrapper.rs","line_number":196}
{"timestamp":"2026-05-10T11:21:28.926796Z","level":"INFO","fields":{"message":"Received CAS response","request_id":"","status_code":206},"filename":"/Users/runner/work/xet-core/xet-core/xet_client/src/common/http_client.rs","line_number":288}
{"timestamp":"2026-05-10T11:21:28.926826Z","level":"INFO","fields":{"message":"Request Success: s3::get_range api call succeeded (request id )."},"filename":"/Users/runner/work/xet-core/xet-core/xet_client/src/cas_client/retry_wrapper.rs","line_number":196}
{"timestamp":"2026-05-10T11:21:28.941915Z","level":"INFO","fields":{"message":"Received CAS response","request_id":"","status_code":206},"filename":"/Users/runner/work/xet-core/xet-core/xet_client/src/common/http_client.rs","line_number":288}
{"timestamp":"2026-05-10T11:21:28.941938Z","level":"INFO","fields":{"message":"Request Success: s3::get_range api call succeeded (request id )."},"filename":"/Users/runner/work/xet-core/xet-core/xet_client/src/cas_client/retry_wrapper.rs","line_number":196}
{"timestamp":"2026-05-10T11:21:28.959187Z","level":"INFO","fields":{"message":"Received CAS response","request_id":"","status_code":206},"filename":"/Users/runner/work/xet-core/xet-core/xet_client/src/common/http_client.rs","line_number":288}
{"timestamp":"2026-05-10T11:21:28.959216Z","level":"INFO","fields":{"message":"Request Success: s3::get_range api call succeeded (request id )."},"filename":"/Users/runner/work/xet-core/xet-core/xet_client/src/cas_client/retry_wrapper.rs","line_number":196}
{"timestamp":"2026-05-10T11:21:28.963455Z","level":"INFO","fields":{"message":"Received CAS response","request_id":"","status_code":206},"filename":"/Users/runner/work/xet-core/xet-core/xet_client/src/common/http_client.rs","line_number":288}
{"timestamp":"2026-05-10T11:21:28.963472Z","level":"INFO","fields":{"message":"Request Success: s3::get_range api call succeeded (request id )."},"filename":"/Users/runner/work/xet-core/xet-core/xet_client/src/cas_client/retry_wrapper.rs","line_number":196}
{"timestamp":"2026-05-10T11:21:28.973472Z","level":"INFO","fields":{"message":"Received CAS response","request_id":"","status_code":206},"filename":"/Users/runner/work/xet-core/xet-core/xet_client/src/common/http_client.rs","line_number":288}
{"timestamp":"2026-05-10T11:21:28.973499Z","level":"INFO","fields":{"message":"Request Success: s3::get_range api call succeeded (request id )."},"filename":"/Users/runner/work/xet-core/xet-core/xet_client/src/cas_client/retry_wrapper.rs","line_number":196}
{"timestamp":"2026-05-10T11:21:28.983145Z","level":"INFO","fields":{"message":"Received CAS response","request_id":"","status_code":206},"filename":"/Users/runner/work/xet-core/xet-core/xet_client/src/common/http_client.rs","line_number":288}
{"timestamp":"2026-05-10T11:21:28.983164Z","level":"INFO","fields":{"message":"Request Success: s3::get_range api call succeeded (request id )."},"filename":"/Users/runner/work/xet-core/xet-core/xet_client/src/cas_client/retry_wrapper.rs","line_number":196}
{"timestamp":"2026-05-10T11:21:28.993605Z","level":"INFO","fields":{"message":"Received CAS response","request_id":"","status_code":206},"filename":"/Users/runner/work/xet-core/xet-core/xet_client/src/common/http_client.rs","line_number":288}
{"timestamp":"2026-05-10T11:21:28.993633Z","level":"INFO","fields":{"message":"Request Success: s3::get_range api call succeeded (request id )."},"filename":"/Users/runner/work/xet-core/xet-core/xet_client/src/cas_client/retry_wrapper.rs","line_number":196}
{"timestamp":"2026-05-10T11:21:29.008442Z","level":"INFO","fields":{"message":"Received CAS response","request_id":"","status_code":206},"filename":"/Users/runner/work/xet-core/xet-core/xet_client/src/common/http_client.rs","line_number":288}
{"timestamp":"2026-05-10T11:21:29.008460Z","level":"INFO","fields":{"message":"Request Success: s3::get_range api call succeeded (request id )."},"filename":"/Users/runner/work/xet-core/xet-core/xet_client/src/cas_client/retry_wrapper.rs","line_number":196}
{"timestamp":"2026-05-10T11:21:29.064068Z","level":"INFO","fields":{"message":"Concurrency control for download: Increased concurrency from 62 to 63; reason: success ratio 1.000 is above threshold 0.800 and predicted RTT for 3MB at new concurrency is 27.48s < target 60.0s"},"filename":"/Users/runner/work/xet-core/xet-core/xet_client/src/cas_client/adaptive_concurrency/controller.rs","line_number":543}
{"timestamp":"2026-05-10T11:21:29.064134Z","level":"INFO","fields":{"message":"Retry strategy","max_attempts":5,"base_delay":"3s","no_retry_on_429":false},"filename":"/Users/runner/work/xet-core/xet-core/xet_client/src/cas_client/retry_wrapper.rs","line_number":235}
{"timestamp":"2026-05-10T11:21:29.201711Z","level":"INFO","fields":{"message":"Received CAS response","request_id":"","status_code":206},"filename":"/Users/runner/work/xet-core/xet-core/xet_client/src/common/http_client.rs","line_number":288}
{"timestamp":"2026-05-10T11:21:29.201742Z","level":"INFO","fields":{"message":"Request Success: s3::get_range api call succeeded (request id )."},"filename":"/Users/runner/work/xet-core/xet-core/xet_client/src/cas_client/retry_wrapper.rs","line_number":196}
{"timestamp":"2026-05-10T11:21:29.360055Z","level":"INFO","fields":{"message":"Retry strategy","max_attempts":5,"base_delay":"3s","no_retry_on_429":false},"filename":"/Users/runner/work/xet-core/xet-core/xet_client/src/cas_client/retry_wrapper.rs","line_number":235}
{"timestamp":"2026-05-10T11:21:29.526048Z","level":"INFO","fields":{"message":"Received CAS response","request_id":"","status_code":206},"filename":"/Users/runner/work/xet-core/xet-core/xet_client/src/common/http_client.rs","line_number":288}
{"timestamp":"2026-05-10T11:21:29.526060Z","level":"INFO","fields":{"message":"Request Success: s3::get_range api call succeeded (request id )."},"filename":"/Users/runner/work/xet-core/xet-core/xet_client/src/cas_client/retry_wrapper.rs","line_number":196}
{"timestamp":"2026-05-10T11:21:29.545310Z","level":"INFO","fields":{"message":"Received CAS response","request_id":"","status_code":206},"filename":"/Users/runner/work/xet-core/xet-core/xet_client/src/common/http_client.rs","line_number":288}
{"timestamp":"2026-05-10T11:21:29.545319Z","level":"INFO","fields":{"message":"Request Success: s3::get_range api call succeeded (request id )."},"filename":"/Users/runner/work/xet-core/xet-core/xet_client/src/cas_client/retry_wrapper.rs","line_number":196}
{"timestamp":"2026-05-10T11:21:29.589511Z","level":"INFO","fields":{"message":"Concurrency control for download: Increased concurrency from 63 to 64; reason: success ratio 1.000 is above threshold 0.800 and predicted RTT for 3MB at new concurrency is 25.86s < target 60.0s"},"filename":"/Users/runner/work/xet-core/xet-core/xet_client/src/cas_client/adaptive_concurrency/controller.rs","line_number":543}
{"timestamp":"2026-05-10T11:21:29.589544Z","level":"INFO","fields":{"message":"Retry strategy","max_attempts":5,"base_delay":"3s","no_retry_on_429":false},"filename":"/Users/runner/work/xet-core/xet-core/xet_client/src/cas_client/retry_wrapper.rs","line_number":235}
{"timestamp":"2026-05-10T11:21:29.594361Z","level":"INFO","fields":{"message":"Received CAS response","request_id":"","status_code":206},"filename":"/Users/runner/work/xet-core/xet-core/xet_client/src/common/http_client.rs","line_number":288}
{"timestamp":"2026-05-10T11:21:29.594370Z","level":"INFO","fields":{"message":"Request Success: s3::get_range api call succeeded (request id )."},"filename":"/Users/runner/work/xet-core/xet-core/xet_client/src/cas_client/retry_wrapper.rs","line_number":196}
{"timestamp":"2026-05-10T11:21:29.626628Z","level":"INFO","fields":{"message":"Retry strategy","max_attempts":5,"base_delay":"3s","no_retry_on_429":false},"filename":"/Users/runner/work/xet-core/xet-core/xet_client/src/cas_client/retry_wrapper.rs","line_number":235}
{"timestamp":"2026-05-10T11:21:29.939121Z","level":"INFO","fields":{"message":"Retry strategy","max_attempts":5,"base_delay":"3s","no_retry_on_429":false},"filename":"/Users/runner/work/xet-core/xet-core/xet_client/src/cas_client/retry_wrapper.rs","line_number":235}
{"timestamp":"2026-05-10T11:21:29.957631Z","level":"INFO","fields":{"message":"Received CAS response","request_id":"","status_code":206},"filename":"/Users/runner/work/xet-core/xet-core/xet_client/src/common/http_client.rs","line_number":288}
{"timestamp":"2026-05-10T11:21:29.957662Z","level":"INFO","fields":{"message":"Request Success: s3::get_range api call succeeded (request id )."},"filename":"/Users/runner/work/xet-core/xet-core/xet_client/src/cas_client/retry_wrapper.rs","line_number":196}
{"timestamp":"2026-05-10T11:21:29.990358Z","level":"INFO","fields":{"message":"Received CAS response","request_id":"","status_code":206},"filename":"/Users/runner/work/xet-core/xet-core/xet_client/src/common/http_client.rs","line_number":288}
{"timestamp":"2026-05-10T11:21:29.990384Z","level":"INFO","fields":{"message":"Request Success: s3::get_range api call succeeded (request id )."},"filename":"/Users/runner/work/xet-core/xet-core/xet_client/src/cas_client/retry_wrapper.rs","line_number":196}
{"timestamp":"2026-05-10T11:21:30.017858Z","level":"INFO","fields":{"message":"Received CAS response","request_id":"","status_code":206},"filename":"/Users/runner/work/xet-core/xet-core/xet_client/src/common/http_client.rs","line_number":288}
{"timestamp":"2026-05-10T11:21:30.017873Z","level":"INFO","fields":{"message":"Request Success: s3::get_range api call succeeded (request id )."},"filename":"/Users/runner/work/xet-core/xet-core/xet_client/src/cas_client/retry_wrapper.rs","line_number":196}
{"timestamp":"2026-05-10T11:21:30.067756Z","level":"INFO","fields":{"message":"Received CAS response","request_id":"","status_code":206},"filename":"/Users/runner/work/xet-core/xet-core/xet_client/src/common/http_client.rs","line_number":288}
{"timestamp":"2026-05-10T11:21:30.067789Z","level":"INFO","fields":{"message":"Request Success: s3::get_range api call succeeded (request id )."},"filename":"/Users/runner/work/xet-core/xet-core/xet_client/src/cas_client/retry_wrapper.rs","line_number":196}
{"timestamp":"2026-05-10T11:21:30.139560Z","level":"INFO","fields":{"message":"Received CAS response","request_id":"","status_code":206},"filename":"/Users/runner/work/xet-core/xet-core/xet_client/src/common/http_client.rs","line_number":288}
{"timestamp":"2026-05-10T11:21:30.139632Z","level":"INFO","fields":{"message":"Request Success: s3::get_range api call succeeded (request id )."},"filename":"/Users/runner/work/xet-core/xet-core/xet_client/src/cas_client/retry_wrapper.rs","line_number":196}
{"timestamp":"2026-05-10T11:21:30.145888Z","level":"INFO","fields":{"message":"Concurrency control for download: Increased concurrency from 64 to 64; reason: success ratio 1.000 is above threshold 0.800 and predicted RTT for 3MB at new concurrency is 21.76s < target 60.0s"},"filename":"/Users/runner/work/xet-core/xet-core/xet_client/src/cas_client/adaptive_concurrency/controller.rs","line_number":543}
{"timestamp":"2026-05-10T11:21:30.146153Z","level":"INFO","fields":{"message":"Received CAS response","request_id":"","status_code":206},"filename":"/Users/runner/work/xet-core/xet-core/xet_client/src/common/http_client.rs","line_number":288}
{"timestamp":"2026-05-10T11:21:30.146161Z","level":"INFO","fields":{"message":"Request Success: s3::get_range api call succeeded (request id )."},"filename":"/Users/runner/work/xet-core/xet-core/xet_client/src/cas_client/retry_wrapper.rs","line_number":196}
{"timestamp":"2026-05-10T11:21:30.148392Z","level":"INFO","fields":{"message":"Received CAS response","request_id":"","status_code":206},"filename":"/Users/runner/work/xet-core/xet-core/xet_client/src/common/http_client.rs","line_number":288}
{"timestamp":"2026-05-10T11:21:30.148400Z","level":"INFO","fields":{"message":"Request Success: s3::get_range api call succeeded (request id )."},"filename":"/Users/runner/work/xet-core/xet-core/xet_client/src/cas_client/retry_wrapper.rs","line_number":196}
{"timestamp":"2026-05-10T11:21:30.309890Z","level":"INFO","fields":{"message":"Received CAS response","request_id":"","status_code":206},"filename":"/Users/runner/work/xet-core/xet-core/xet_client/src/common/http_client.rs","line_number":288}
{"timestamp":"2026-05-10T11:21:30.309912Z","level":"INFO","fields":{"message":"Request Success: s3::get_range api call succeeded (request id )."},"filename":"/Users/runner/work/xet-core/xet-core/xet_client/src/cas_client/retry_wrapper.rs","line_number":196}
{"timestamp":"2026-05-10T11:21:30.339246Z","level":"INFO","fields":{"message":"Received CAS response","request_id":"","status_code":206},"filename":"/Users/runner/work/xet-core/xet-core/xet_client/src/common/http_client.rs","line_number":288}
{"timestamp":"2026-05-10T11:21:30.339281Z","level":"INFO","fields":{"message":"Request Success: s3::get_range api call succeeded (request id )."},"filename":"/Users/runner/work/xet-core/xet-core/xet_client/src/cas_client/retry_wrapper.rs","line_number":196}
{"timestamp":"2026-05-10T11:21:30.346058Z","level":"INFO","fields":{"message":"Received CAS response","request_id":"","status_code":206},"filename":"/Users/runner/work/xet-core/xet-core/xet_client/src/common/http_client.rs","line_number":288}
{"timestamp":"2026-05-10T11:21:30.346079Z","level":"INFO","fields":{"message":"Request Success: s3::get_range api call succeeded (request id )."},"filename":"/Users/runner/work/xet-core/xet-core/xet_client/src/cas_client/retry_wrapper.rs","line_number":196}
{"timestamp":"2026-05-10T11:21:30.396091Z","level":"INFO","fields":{"message":"Retry strategy","max_attempts":5,"base_delay":"3s","no_retry_on_429":false},"filename":"/Users/runner/work/xet-core/xet-core/xet_client/src/cas_client/retry_wrapper.rs","line_number":235}
{"timestamp":"2026-05-10T11:21:30.419404Z","level":"INFO","fields":{"message":"Retry strategy","max_attempts":5,"base_delay":"3s","no_retry_on_429":false},"filename":"/Users/runner/work/xet-core/xet-core/xet_client/src/cas_client/retry_wrapper.rs","line_number":235}
{"timestamp":"2026-05-10T11:21:30.423333Z","level":"INFO","fields":{"message":"Received CAS response","request_id":"","status_code":206},"filename":"/Users/runner/work/xet-core/xet-core/xet_client/src/common/http_client.rs","line_number":288}
{"timestamp":"2026-05-10T11:21:30.423341Z","level":"INFO","fields":{"message":"Request Success: s3::get_range api call succeeded (request id )."},"filename":"/Users/runner/work/xet-core/xet-core/xet_client/src/cas_client/retry_wrapper.rs","line_number":196}
{"timestamp":"2026-05-10T11:21:30.449581Z","level":"INFO","fields":{"message":"Received CAS response","request_id":"","status_code":206},"filename":"/Users/runner/work/xet-core/xet-core/xet_client/src/common/http_client.rs","line_number":288}
{"timestamp":"2026-05-10T11:21:30.449593Z","level":"INFO","fields":{"message":"Request Success: s3::get_range api call succeeded (request id )."},"filename":"/Users/runner/work/xet-core/xet-core/xet_client/src/cas_client/retry_wrapper.rs","line_number":196}
{"timestamp":"2026-05-10T11:21:30.483667Z","level":"INFO","fields":{"message":"Received CAS response","request_id":"","status_code":206},"filename":"/Users/runner/work/xet-core/xet-core/xet_client/src/common/http_client.rs","line_number":288}
{"timestamp":"2026-05-10T11:21:30.483677Z","level":"INFO","fields":{"message":"Request Success: s3::get_range api call succeeded (request id )."},"filename":"/Users/runner/work/xet-core/xet-core/xet_client/src/cas_client/retry_wrapper.rs","line_number":196}
{"timestamp":"2026-05-10T11:21:30.509108Z","level":"INFO","fields":{"message":"Retry strategy","max_attempts":5,"base_delay":"3s","no_retry_on_429":false},"filename":"/Users/runner/work/xet-core/xet-core/xet_client/src/cas_client/retry_wrapper.rs","line_number":235}
{"timestamp":"2026-05-10T11:21:30.704775Z","level":"INFO","fields":{"message":"Concurrency control for download: Increased concurrency from 64 to 64; reason: success ratio 1.000 is above threshold 0.800 and predicted RTT for 3MB at new concurrency is 28.96s < target 60.0s"},"filename":"/Users/runner/work/xet-core/xet-core/xet_client/src/cas_client/adaptive_concurrency/controller.rs","line_number":543}
{"timestamp":"2026-05-10T11:21:31.106882Z","level":"INFO","fields":{"message":"Retry strategy","max_attempts":5,"base_delay":"3s","no_retry_on_429":false},"filename":"/Users/runner/work/xet-core/xet-core/xet_client/src/cas_client/retry_wrapper.rs","line_number":235}
{"timestamp":"2026-05-10T11:21:31.110348Z","level":"INFO","fields":{"message":"Retry strategy","max_attempts":5,"base_delay":"3s","no_retry_on_429":false},"filename":"/Users/runner/work/xet-core/xet-core/xet_client/src/cas_client/retry_wrapper.rs","line_number":235}
{"timestamp":"2026-05-10T11:21:31.138260Z","level":"INFO","fields":{"message":"Received CAS response","request_id":"","status_code":206},"filename":"/Users/runner/work/xet-core/xet-core/xet_client/src/common/http_client.rs","line_number":288}
{"timestamp":"2026-05-10T11:21:31.138283Z","level":"INFO","fields":{"message":"Request Success: s3::get_range api call succeeded (request id )."},"filename":"/Users/runner/work/xet-core/xet-core/xet_client/src/cas_client/retry_wrapper.rs","line_number":196}
{"timestamp":"2026-05-10T11:21:31.213001Z","level":"INFO","fields":{"message":"Concurrency control for download: Increased concurrency from 64 to 64; reason: success ratio 1.000 is above threshold 0.800 and predicted RTT for 3MB at new concurrency is 25.87s < target 60.0s"},"filename":"/Users/runner/work/xet-core/xet-core/xet_client/src/cas_client/adaptive_concurrency/controller.rs","line_number":543}
{"timestamp":"2026-05-10T11:21:31.724464Z","level":"INFO","fields":{"message":"Concurrency control for download: Increased concurrency from 64 to 64; reason: success ratio 1.000 is above threshold 0.800 and predicted RTT for 3MB at new concurrency is 26.45s < target 60.0s"},"filename":"/Users/runner/work/xet-core/xet-core/xet_client/src/cas_client/adaptive_concurrency/controller.rs","line_number":543}
{"timestamp":"2026-05-10T11:21:32.237415Z","level":"INFO","fields":{"message":"Concurrency control for download: Increased concurrency from 64 to 64; reason: success ratio 1.000 is above threshold 0.800 and predicted RTT for 3MB at new concurrency is 25.84s < target 60.0s"},"filename":"/Users/runner/work/xet-core/xet-core/xet_client/src/cas_client/adaptive_concurrency/controller.rs","line_number":543}
{"timestamp":"2026-05-10T11:21:32.340963Z","level":"INFO","fields":{"message":"Retry strategy","max_attempts":5,"base_delay":"3s","no_retry_on_429":false},"filename":"/Users/runner/work/xet-core/xet-core/xet_client/src/cas_client/retry_wrapper.rs","line_number":235}
{"timestamp":"2026-05-10T11:21:32.826364Z","level":"INFO","fields":{"message":"Concurrency control for download: Increased concurrency from 64 to 64; reason: success ratio 1.000 is above threshold 0.800 and predicted RTT for 3MB at new concurrency is 13.95s < target 60.0s"},"filename":"/Users/runner/work/xet-core/xet-core/xet_client/src/cas_client/adaptive_concurrency/controller.rs","line_number":543}
{"timestamp":"2026-05-10T11:21:33.334363Z","level":"INFO","fields":{"message":"Concurrency control for download: Increased concurrency from 64 to 64; reason: success ratio 1.000 is above threshold 0.800 and predicted RTT for 3MB at new concurrency is 14.43s < target 60.0s"},"filename":"/Users/runner/work/xet-core/xet-core/xet_client/src/cas_client/adaptive_concurrency/controller.rs","line_number":543}
{"timestamp":"2026-05-10T11:21:33.389567Z","level":"INFO","fields":{"message":"Retry strategy","max_attempts":5,"base_delay":"3s","no_retry_on_429":false},"filename":"/Users/runner/work/xet-core/xet-core/xet_client/src/cas_client/retry_wrapper.rs","line_number":235}
{"timestamp":"2026-05-10T11:21:33.837248Z","level":"INFO","fields":{"message":"Concurrency control for download: Increased concurrency from 64 to 64; reason: success ratio 1.000 is above threshold 0.800 and predicted RTT for 3MB at new concurrency is 12.30s < target 60.0s"},"filename":"/Users/runner/work/xet-core/xet-core/xet_client/src/cas_client/adaptive_concurrency/controller.rs","line_number":543}
{"timestamp":"2026-05-10T11:21:34.086187Z","level":"INFO","fields":{"message":"Retry strategy","max_attempts":5,"base_delay":"3s","no_retry_on_429":false},"filename":"/Users/runner/work/xet-core/xet-core/xet_client/src/cas_client/retry_wrapper.rs","line_number":235}
{"timestamp":"2026-05-10T11:21:34.195687Z","level":"INFO","fields":{"message":"Retry strategy","max_attempts":5,"base_delay":"3s","no_retry_on_429":false},"filename":"/Users/runner/work/xet-core/xet-core/xet_client/src/cas_client/retry_wrapper.rs","line_number":235}
{"timestamp":"2026-05-10T11:21:34.224783Z","level":"INFO","fields":{"message":"Retry strategy","max_attempts":5,"base_delay":"3s","no_retry_on_429":false},"filename":"/Users/runner/work/xet-core/xet-core/xet_client/src/cas_client/retry_wrapper.rs","line_number":235}
{"timestamp":"2026-05-10T11:21:34.274788Z","level":"INFO","fields":{"message":"Retry strategy","max_attempts":5,"base_delay":"3s","no_retry_on_429":false},"filename":"/Users/runner/work/xet-core/xet-core/xet_client/src/cas_client/retry_wrapper.rs","line_number":235}
{"timestamp":"2026-05-10T11:21:34.309198Z","level":"INFO","fields":{"message":"Retry strategy","max_attempts":5,"base_delay":"3s","no_retry_on_429":false},"filename":"/Users/runner/work/xet-core/xet-core/xet_client/src/cas_client/retry_wrapper.rs","line_number":235}
{"timestamp":"2026-05-10T11:21:34.346479Z","level":"INFO","fields":{"message":"Concurrency control for download: Increased concurrency from 64 to 64; reason: success ratio 1.000 is above threshold 0.800 and predicted RTT for 3MB at new concurrency is 15.61s < target 60.0s"},"filename":"/Users/runner/work/xet-core/xet-core/xet_client/src/cas_client/adaptive_concurrency/controller.rs","line_number":543}
{"timestamp":"2026-05-10T11:21:34.823391Z","level":"INFO","fields":{"message":"Concurrency control for download: Current concurrency = 64; predicted bandwidth = 1270251; success_ratio = 1.000; reference_size = 3.3MB; observed bytes sent so far = 103699841; completed transmissions = 73"},"filename":"/Users/runner/work/xet-core/xet-core/xet_client/src/cas_client/adaptive_concurrency/controller.rs","line_number":597}
{"timestamp":"2026-05-10T11:21:34.860678Z","level":"INFO","fields":{"message":"Concurrency control for download: Increased concurrency from 64 to 64; reason: success ratio 1.000 is above threshold 0.800 and predicted RTT for 3MB at new concurrency is 16.90s < target 60.0s"},"filename":"/Users/runner/work/xet-core/xet-core/xet_client/src/cas_client/adaptive_concurrency/controller.rs","line_number":543}
{"timestamp":"2026-05-10T11:21:35.019752Z","level":"INFO","fields":{"message":"Retry strategy","max_attempts":5,"base_delay":"3s","no_retry_on_429":false},"filename":"/Users/runner/work/xet-core/xet-core/xet_client/src/cas_client/retry_wrapper.rs","line_number":235}
{"timestamp":"2026-05-10T11:21:35.297938Z","level":"INFO","fields":{"message":"Retry strategy","max_attempts":5,"base_delay":"3s","no_retry_on_429":false},"filename":"/Users/runner/work/xet-core/xet-core/xet_client/src/cas_client/retry_wrapper.rs","line_number":235}
{"timestamp":"2026-05-10T11:21:35.336687Z","level":"INFO","fields":{"message":"Retry strategy","max_attempts":5,"base_delay":"3s","no_retry_on_429":false},"filename":"/Users/runner/work/xet-core/xet-core/xet_client/src/cas_client/retry_wrapper.rs","line_number":235}
{"timestamp":"2026-05-10T11:21:35.382718Z","level":"INFO","fields":{"message":"Concurrency control for download: Increased concurrency from 64 to 64; reason: success ratio 1.000 is above threshold 0.800 and predicted RTT for 3MB at new concurrency is 32.58s < target 60.0s"},"filename":"/Users/runner/work/xet-core/xet-core/xet_client/src/cas_client/adaptive_concurrency/controller.rs","line_number":543}
{"timestamp":"2026-05-10T11:21:35.382809Z","level":"INFO","fields":{"message":"Retry strategy","max_attempts":5,"base_delay":"3s","no_retry_on_429":false},"filename":"/Users/runner/work/xet-core/xet-core/xet_client/src/cas_client/retry_wrapper.rs","line_number":235}
{"timestamp":"2026-05-10T11:21:35.904524Z","level":"INFO","fields":{"message":"Concurrency control for download: Increased concurrency from 64 to 64; reason: success ratio 1.000 is above threshold 0.800 and predicted RTT for 3MB at new concurrency is 32.70s < target 60.0s"},"filename":"/Users/runner/work/xet-core/xet-core/xet_client/src/cas_client/adaptive_concurrency/controller.rs","line_number":543}
{"timestamp":"2026-05-10T11:21:36.483174Z","level":"INFO","fields":{"message":"Concurrency control for download: Increased concurrency from 64 to 64; reason: success ratio 1.000 is above threshold 0.800 and predicted RTT for 3MB at new concurrency is 32.80s < target 60.0s"},"filename":"/Users/runner/work/xet-core/xet-core/xet_client/src/cas_client/adaptive_concurrency/controller.rs","line_number":543}
{"timestamp":"2026-05-10T11:21:36.990686Z","level":"INFO","fields":{"message":"Concurrency control for download: Increased concurrency from 64 to 64; reason: success ratio 1.000 is above threshold 0.800 and predicted RTT for 3MB at new concurrency is 32.76s < target 60.0s"},"filename":"/Users/runner/work/xet-core/xet-core/xet_client/src/cas_client/adaptive_concurrency/controller.rs","line_number":543}
{"timestamp":"2026-05-10T11:21:37.685614Z","level":"INFO","fields":{"message":"Concurrency control for download: Increased concurrency from 64 to 64; reason: success ratio 1.000 is above threshold 0.800 and predicted RTT for 3MB at new concurrency is 32.69s < target 60.0s"},"filename":"/Users/runner/work/xet-core/xet-core/xet_client/src/cas_client/adaptive_concurrency/controller.rs","line_number":543}
{"timestamp":"2026-05-10T11:21:38.212227Z","level":"INFO","fields":{"message":"Concurrency control for download: Increased concurrency from 64 to 64; reason: success ratio 1.000 is above threshold 0.800 and predicted RTT for 3MB at new concurrency is 32.63s < target 60.0s"},"filename":"/Users/runner/work/xet-core/xet-core/xet_client/src/cas_client/adaptive_concurrency/controller.rs","line_number":543}
{"timestamp":"2026-05-10T11:21:38.674211Z","level":"INFO","fields":{"message":"Retry strategy","max_attempts":5,"base_delay":"3s","no_retry_on_429":false},"filename":"/Users/runner/work/xet-core/xet-core/xet_client/src/cas_client/retry_wrapper.rs","line_number":235}
{"timestamp":"2026-05-10T11:21:38.721383Z","level":"INFO","fields":{"message":"Concurrency control for download: Increased concurrency from 64 to 64; reason: success ratio 1.000 is above threshold 0.800 and predicted RTT for 3MB at new concurrency is 30.66s < target 60.0s"},"filename":"/Users/runner/work/xet-core/xet-core/xet_client/src/cas_client/adaptive_concurrency/controller.rs","line_number":543}
{"timestamp":"2026-05-10T11:21:39.192220Z","level":"INFO","fields":{"message":"Retry strategy","max_attempts":5,"base_delay":"3s","no_retry_on_429":false},"filename":"/Users/runner/work/xet-core/xet-core/xet_client/src/cas_client/retry_wrapper.rs","line_number":235}
{"timestamp":"2026-05-10T11:21:39.244476Z","level":"INFO","fields":{"message":"Concurrency control for download: Increased concurrency from 64 to 64; reason: success ratio 1.000 is above threshold 0.800 and predicted RTT for 3MB at new concurrency is 30.60s < target 60.0s"},"filename":"/Users/runner/work/xet-core/xet-core/xet_client/src/cas_client/adaptive_concurrency/controller.rs","line_number":543}
{"timestamp":"2026-05-10T11:21:39.787685Z","level":"INFO","fields":{"message":"Received CAS response","request_id":"","status_code":206},"filename":"/Users/runner/work/xet-core/xet-core/xet_client/src/common/http_client.rs","line_number":288}
{"timestamp":"2026-05-10T11:21:39.787721Z","level":"INFO","fields":{"message":"Request Success: s3::get_range api call succeeded (request id )."},"filename":"/Users/runner/work/xet-core/xet-core/xet_client/src/cas_client/retry_wrapper.rs","line_number":196}
{"timestamp":"2026-05-10T11:21:39.808714Z","level":"INFO","fields":{"message":"Concurrency control for download: Increased concurrency from 64 to 64; reason: success ratio 1.000 is above threshold 0.800 and predicted RTT for 3MB at new concurrency is 30.60s < target 60.0s"},"filename":"/Users/runner/work/xet-core/xet-core/xet_client/src/cas_client/adaptive_concurrency/controller.rs","line_number":543}
{"timestamp":"2026-05-10T11:21:40.124080Z","level":"INFO","fields":{"message":"Received CAS response","request_id":"","status_code":206},"filename":"/Users/runner/work/xet-core/xet-core/xet_client/src/common/http_client.rs","line_number":288}
{"timestamp":"2026-05-10T11:21:40.124095Z","level":"INFO","fields":{"message":"Request Success: s3::get_range api call succeeded (request id )."},"filename":"/Users/runner/work/xet-core/xet-core/xet_client/src/cas_client/retry_wrapper.rs","line_number":196}
{"timestamp":"2026-05-10T11:21:40.296655Z","level":"INFO","fields":{"message":"Received CAS response","request_id":"","status_code":206},"filename":"/Users/runner/work/xet-core/xet-core/xet_client/src/common/http_client.rs","line_number":288}
{"timestamp":"2026-05-10T11:21:40.296693Z","level":"INFO","fields":{"message":"Request Success: s3::get_range api call succeeded (request id )."},"filename":"/Users/runner/work/xet-core/xet-core/xet_client/src/cas_client/retry_wrapper.rs","line_number":196}
{"timestamp":"2026-05-10T11:21:40.407738Z","level":"INFO","fields":{"message":"Received CAS response","request_id":"","status_code":206},"filename":"/Users/runner/work/xet-core/xet-core/xet_client/src/common/http_client.rs","line_number":288}
{"timestamp":"2026-05-10T11:21:40.407772Z","level":"INFO","fields":{"message":"Request Success: s3::get_range api call succeeded (request id )."},"filename":"/Users/runner/work/xet-core/xet-core/xet_client/src/cas_client/retry_wrapper.rs","line_number":196}
{"timestamp":"2026-05-10T11:21:40.417210Z","level":"INFO","fields":{"message":"Concurrency control for download: Increased concurrency from 64 to 64; reason: success ratio 1.000 is above threshold 0.800 and predicted RTT for 3MB at new concurrency is 30.54s < target 60.0s"},"filename":"/Users/runner/work/xet-core/xet-core/xet_client/src/cas_client/adaptive_concurrency/controller.rs","line_number":543}
{"timestamp":"2026-05-10T11:21:40.620579Z","level":"INFO","fields":{"message":"Received CAS response","request_id":"","status_code":206},"filename":"/Users/runner/work/xet-core/xet-core/xet_client/src/common/http_client.rs","line_number":288}
{"timestamp":"2026-05-10T11:21:40.620698Z","level":"INFO","fields":{"message":"Request Success: s3::get_range api call succeeded (request id )."},"filename":"/Users/runner/work/xet-core/xet-core/xet_client/src/cas_client/retry_wrapper.rs","line_number":196}
{"timestamp":"2026-05-10T11:21:40.907182Z","level":"INFO","fields":{"message":"Received CAS response","request_id":"","status_code":206},"filename":"/Users/runner/work/xet-core/xet-core/xet_client/src/common/http_client.rs","line_number":288}
{"timestamp":"2026-05-10T11:21:40.907216Z","level":"INFO","fields":{"message":"Request Success: s3::get_range api call succeeded (request id )."},"filename":"/Users/runner/work/xet-core/xet-core/xet_client/src/cas_client/retry_wrapper.rs","line_number":196}
{"timestamp":"2026-05-10T11:21:40.978755Z","level":"INFO","fields":{"message":"Concurrency control for download: Increased concurrency from 64 to 64; reason: success ratio 1.000 is above threshold 0.800 and predicted RTT for 3MB at new concurrency is 30.32s < target 60.0s"},"filename":"/Users/runner/work/xet-core/xet-core/xet_client/src/cas_client/adaptive_concurrency/controller.rs","line_number":543}
{"timestamp":"2026-05-10T11:21:41.188769Z","level":"INFO","fields":{"message":"Received CAS response","request_id":"","status_code":206},"filename":"/Users/runner/work/xet-core/xet-core/xet_client/src/common/http_client.rs","line_number":288}
{"timestamp":"2026-05-10T11:21:41.188833Z","level":"INFO","fields":{"message":"Request Success: s3::get_range api call succeeded (request id )."},"filename":"/Users/runner/work/xet-core/xet-core/xet_client/src/cas_client/retry_wrapper.rs","line_number":196}
{"timestamp":"2026-05-10T11:21:41.431052Z","level":"INFO","fields":{"message":"Received CAS response","request_id":"","status_code":206},"filename":"/Users/runner/work/xet-core/xet-core/xet_client/src/common/http_client.rs","line_number":288}
{"timestamp":"2026-05-10T11:21:41.431076Z","level":"INFO","fields":{"message":"Request Success: s3::get_range api call succeeded (request id )."},"filename":"/Users/runner/work/xet-core/xet-core/xet_client/src/cas_client/retry_wrapper.rs","line_number":196}
{"timestamp":"2026-05-10T11:21:41.497856Z","level":"INFO","fields":{"message":"Received CAS response","request_id":"","status_code":206},"filename":"/Users/runner/work/xet-core/xet-core/xet_client/src/common/http_client.rs","line_number":288}
{"timestamp":"2026-05-10T11:21:41.497915Z","level":"INFO","fields":{"message":"Request Success: s3::get_range api call succeeded (request id )."},"filename":"/Users/runner/work/xet-core/xet-core/xet_client/src/cas_client/retry_wrapper.rs","line_number":196}
{"timestamp":"2026-05-10T11:21:41.497994Z","level":"INFO","fields":{"message":"Concurrency control for download: Increased concurrency from 64 to 64; reason: success ratio 1.000 is above threshold 0.800 and predicted RTT for 3MB at new concurrency is 30.06s < target 60.0s"},"filename":"/Users/runner/work/xet-core/xet-core/xet_client/src/cas_client/adaptive_concurrency/controller.rs","line_number":543}
{"timestamp":"2026-05-10T11:21:41.528814Z","level":"INFO","fields":{"message":"Retry strategy","max_attempts":5,"base_delay":"3s","no_retry_on_429":false},"filename":"/Users/runner/work/xet-core/xet-core/xet_client/src/cas_client/retry_wrapper.rs","line_number":235}
{"timestamp":"2026-05-10T11:21:41.528834Z","level":"INFO","fields":{"message":"Received CAS response","request_id":"","status_code":206},"filename":"/Users/runner/work/xet-core/xet-core/xet_client/src/common/http_client.rs","line_number":288}
{"timestamp":"2026-05-10T11:21:41.528845Z","level":"INFO","fields":{"message":"Request Success: s3::get_range api call succeeded (request id )."},"filename":"/Users/runner/work/xet-core/xet-core/xet_client/src/cas_client/retry_wrapper.rs","line_number":196}
{"timestamp":"2026-05-10T11:21:41.553055Z","level":"INFO","fields":{"message":"Received CAS response","request_id":"","status_code":206},"filename":"/Users/runner/work/xet-core/xet-core/xet_client/src/common/http_client.rs","line_number":288}
{"timestamp":"2026-05-10T11:21:41.553068Z","level":"INFO","fields":{"message":"Request Success: s3::get_range api call succeeded (request id )."},"filename":"/Users/runner/work/xet-core/xet-core/xet_client/src/cas_client/retry_wrapper.rs","line_number":196}
{"timestamp":"2026-05-10T11:21:41.785427Z","level":"INFO","fields":{"message":"Received CAS response","request_id":"","status_code":206},"filename":"/Users/runner/work/xet-core/xet-core/xet_client/src/common/http_client.rs","line_number":288}
{"timestamp":"2026-05-10T11:21:41.785465Z","level":"INFO","fields":{"message":"Request Success: s3::get_range api call succeeded (request id )."},"filename":"/Users/runner/work/xet-core/xet-core/xet_client/src/cas_client/retry_wrapper.rs","line_number":196}
{"timestamp":"2026-05-10T11:21:41.998877Z","level":"INFO","fields":{"message":"Concurrency control for download: Increased concurrency from 64 to 64; reason: success ratio 1.000 is above threshold 0.800 and predicted RTT for 3MB at new concurrency is 27.86s < target 60.0s"},"filename":"/Users/runner/work/xet-core/xet-core/xet_client/src/cas_client/adaptive_concurrency/controller.rs","line_number":543}
{"timestamp":"2026-05-10T11:21:42.201797Z","level":"INFO","fields":{"message":"Received CAS response","request_id":"","status_code":206},"filename":"/Users/runner/work/xet-core/xet-core/xet_client/src/common/http_client.rs","line_number":288}
{"timestamp":"2026-05-10T11:21:42.201830Z","level":"INFO","fields":{"message":"Request Success: s3::get_range api call succeeded (request id )."},"filename":"/Users/runner/work/xet-core/xet-core/xet_client/src/cas_client/retry_wrapper.rs","line_number":196}
{"timestamp":"2026-05-10T11:21:42.684602Z","level":"INFO","fields":{"message":"Received CAS response","request_id":"","status_code":206},"filename":"/Users/runner/work/xet-core/xet-core/xet_client/src/common/http_client.rs","line_number":288}
{"timestamp":"2026-05-10T11:21:42.684648Z","level":"INFO","fields":{"message":"Request Success: s3::get_range api call succeeded (request id )."},"filename":"/Users/runner/work/xet-core/xet-core/xet_client/src/cas_client/retry_wrapper.rs","line_number":196}
{"timestamp":"2026-05-10T11:21:42.714344Z","level":"INFO","fields":{"message":"Concurrency control for download: Increased concurrency from 64 to 64; reason: success ratio 1.000 is above threshold 0.800 and predicted RTT for 3MB at new concurrency is 27.84s < target 60.0s"},"filename":"/Users/runner/work/xet-core/xet-core/xet_client/src/cas_client/adaptive_concurrency/controller.rs","line_number":543}
{"timestamp":"2026-05-10T11:21:42.829167Z","level":"INFO","fields":{"message":"Received CAS response","request_id":"","status_code":206},"filename":"/Users/runner/work/xet-core/xet-core/xet_client/src/common/http_client.rs","line_number":288}
{"timestamp":"2026-05-10T11:21:42.829204Z","level":"INFO","fields":{"message":"Request Success: s3::get_range api call succeeded (request id )."},"filename":"/Users/runner/work/xet-core/xet-core/xet_client/src/cas_client/retry_wrapper.rs","line_number":196}
{"timestamp":"2026-05-10T11:21:42.882955Z","level":"INFO","fields":{"message":"Received CAS response","request_id":"","status_code":206},"filename":"/Users/runner/work/xet-core/xet-core/xet_client/src/common/http_client.rs","line_number":288}
{"timestamp":"2026-05-10T11:21:42.882997Z","level":"INFO","fields":{"message":"Request Success: s3::get_range api call succeeded (request id )."},"filename":"/Users/runner/work/xet-core/xet-core/xet_client/src/cas_client/retry_wrapper.rs","line_number":196}
{"timestamp":"2026-05-10T11:21:43.081583Z","level":"INFO","fields":{"message":"Received CAS response","request_id":"","status_code":206},"filename":"/Users/runner/work/xet-core/xet-core/xet_client/src/common/http_client.rs","line_number":288}
{"timestamp":"2026-05-10T11:21:43.081683Z","level":"INFO","fields":{"message":"Request Success: s3::get_range api call succeeded (request id )."},"filename":"/Users/runner/work/xet-core/xet-core/xet_client/src/cas_client/retry_wrapper.rs","line_number":196}
{"timestamp":"2026-05-10T11:21:43.254269Z","level":"INFO","fields":{"message":"Received CAS response","request_id":"","status_code":206},"filename":"/Users/runner/work/xet-core/xet-core/xet_client/src/common/http_client.rs","line_number":288}
{"timestamp":"2026-05-10T11:21:43.254307Z","level":"INFO","fields":{"message":"Request Success: s3::get_range api call succeeded (request id )."},"filename":"/Users/runner/work/xet-core/xet-core/xet_client/src/cas_client/retry_wrapper.rs","line_number":196}
{"timestamp":"2026-05-10T11:21:43.266582Z","level":"INFO","fields":{"message":"Received CAS response","request_id":"","status_code":206},"filename":"/Users/runner/work/xet-core/xet-core/xet_client/src/common/http_client.rs","line_number":288}
{"timestamp":"2026-05-10T11:21:43.266742Z","level":"INFO","fields":{"message":"Request Success: s3::get_range api call succeeded (request id )."},"filename":"/Users/runner/work/xet-core/xet-core/xet_client/src/cas_client/retry_wrapper.rs","line_number":196}
{"timestamp":"2026-05-10T11:21:43.267052Z","level":"INFO","fields":{"message":"Concurrency control for download: Increased concurrency from 64 to 64; reason: success ratio 1.000 is above threshold 0.800 and predicted RTT for 3MB at new concurrency is 27.74s < target 60.0s"},"filename":"/Users/runner/work/xet-core/xet-core/xet_client/src/cas_client/adaptive_concurrency/controller.rs","line_number":543}
{"timestamp":"2026-05-10T11:21:43.291198Z","level":"INFO","fields":{"message":"Received CAS response","request_id":"","status_code":206},"filename":"/Users/runner/work/xet-core/xet-core/xet_client/src/common/http_client.rs","line_number":288}
{"timestamp":"2026-05-10T11:21:43.291225Z","level":"INFO","fields":{"message":"Request Success: s3::get_range api call succeeded (request id )."},"filename":"/Users/runner/work/xet-core/xet-core/xet_client/src/cas_client/retry_wrapper.rs","line_number":196}
{"timestamp":"2026-05-10T11:21:43.526848Z","level":"INFO","fields":{"message":"Received CAS response","request_id":"","status_code":206},"filename":"/Users/runner/work/xet-core/xet-core/xet_client/src/common/http_client.rs","line_number":288}
{"timestamp":"2026-05-10T11:21:43.526874Z","level":"INFO","fields":{"message":"Request Success: s3::get_range api call succeeded (request id )."},"filename":"/Users/runner/work/xet-core/xet-core/xet_client/src/cas_client/retry_wrapper.rs","line_number":196}
{"timestamp":"2026-05-10T11:21:43.529249Z","level":"INFO","fields":{"message":"Received CAS response","request_id":"","status_code":206},"filename":"/Users/runner/work/xet-core/xet-core/xet_client/src/common/http_client.rs","line_number":288}
{"timestamp":"2026-05-10T11:21:43.529279Z","level":"INFO","fields":{"message":"Request Success: s3::get_range api call succeeded (request id )."},"filename":"/Users/runner/work/xet-core/xet-core/xet_client/src/cas_client/retry_wrapper.rs","line_number":196}
{"timestamp":"2026-05-10T11:21:44.026113Z","level":"INFO","fields":{"message":"Received CAS response","request_id":"","status_code":206},"filename":"/Users/runner/work/xet-core/xet-core/xet_client/src/common/http_client.rs","line_number":288}
{"timestamp":"2026-05-10T11:21:44.026136Z","level":"INFO","fields":{"message":"Request Success: s3::get_range api call succeeded (request id )."},"filename":"/Users/runner/work/xet-core/xet-core/xet_client/src/cas_client/retry_wrapper.rs","line_number":196}
{"timestamp":"2026-05-10T11:21:44.044671Z","level":"INFO","fields":{"message":"Concurrency control for download: Increased concurrency from 64 to 64; reason: success ratio 1.000 is above threshold 0.800 and predicted RTT for 3MB at new concurrency is 27.71s < target 60.0s"},"filename":"/Users/runner/work/xet-core/xet-core/xet_client/src/cas_client/adaptive_concurrency/controller.rs","line_number":543}
{"timestamp":"2026-05-10T11:21:44.199876Z","level":"INFO","fields":{"message":"Retry strategy","max_attempts":5,"base_delay":"3s","no_retry_on_429":false},"filename":"/Users/runner/work/xet-core/xet-core/xet_client/src/cas_client/retry_wrapper.rs","line_number":235}
{"timestamp":"2026-05-10T11:21:44.371402Z","level":"INFO","fields":{"message":"Received CAS response","request_id":"","status_code":206},"filename":"/Users/runner/work/xet-core/xet-core/xet_client/src/common/http_client.rs","line_number":288}
{"timestamp":"2026-05-10T11:21:44.371463Z","level":"INFO","fields":{"message":"Request Success: s3::get_range api call succeeded (request id )."},"filename":"/Users/runner/work/xet-core/xet-core/xet_client/src/cas_client/retry_wrapper.rs","line_number":196}
{"timestamp":"2026-05-10T11:21:44.590333Z","level":"INFO","fields":{"message":"Concurrency control for download: Increased concurrency from 64 to 64; reason: success ratio 1.000 is above threshold 0.800 and predicted RTT for 3MB at new concurrency is 27.94s < target 60.0s"},"filename":"/Users/runner/work/xet-core/xet-core/xet_client/src/cas_client/adaptive_concurrency/controller.rs","line_number":543}
{"timestamp":"2026-05-10T11:21:44.593285Z","level":"INFO","fields":{"message":"Received CAS response","request_id":"","status_code":206},"filename":"/Users/runner/work/xet-core/xet-core/xet_client/src/common/http_client.rs","line_number":288}
{"timestamp":"2026-05-10T11:21:44.593313Z","level":"INFO","fields":{"message":"Request Success: s3::get_range api call succeeded (request id )."},"filename":"/Users/runner/work/xet-core/xet-core/xet_client/src/cas_client/retry_wrapper.rs","line_number":196}
{"timestamp":"2026-05-10T11:21:44.672693Z","level":"INFO","fields":{"message":"Received CAS response","request_id":"","status_code":206},"filename":"/Users/runner/work/xet-core/xet-core/xet_client/src/common/http_client.rs","line_number":288}
{"timestamp":"2026-05-10T11:21:44.672718Z","level":"INFO","fields":{"message":"Request Success: s3::get_range api call succeeded (request id )."},"filename":"/Users/runner/work/xet-core/xet-core/xet_client/src/cas_client/retry_wrapper.rs","line_number":196}
{"timestamp":"2026-05-10T11:21:44.680772Z","level":"INFO","fields":{"message":"Retry strategy","max_attempts":5,"base_delay":"3s","no_retry_on_429":false},"filename":"/Users/runner/work/xet-core/xet-core/xet_client/src/cas_client/retry_wrapper.rs","line_number":235}
{"timestamp":"2026-05-10T11:21:44.707303Z","level":"INFO","fields":{"message":"Received CAS response","request_id":"","status_code":206},"filename":"/Users/runner/work/xet-core/xet-core/xet_client/src/common/http_client.rs","line_number":288}
{"timestamp":"2026-05-10T11:21:44.707322Z","level":"INFO","fields":{"message":"Request Success: s3::get_range api call succeeded (request id )."},"filename":"/Users/runner/work/xet-core/xet-core/xet_client/src/cas_client/retry_wrapper.rs","line_number":196}
{"timestamp":"2026-05-10T11:21:44.744386Z","level":"INFO","fields":{"message":"Received CAS response","request_id":"","status_code":206},"filename":"/Users/runner/work/xet-core/xet-core/xet_client/src/common/http_client.rs","line_number":288}
{"timestamp":"2026-05-10T11:21:44.744402Z","level":"INFO","fields":{"message":"Request Success: s3::get_range api call succeeded (request id )."},"filename":"/Users/runner/work/xet-core/xet-core/xet_client/src/cas_client/retry_wrapper.rs","line_number":196}
{"timestamp":"2026-05-10T11:21:44.864877Z","level":"INFO","fields":{"message":"Concurrency control for download: Current concurrency = 64; predicted bandwidth = 906904; success_ratio = 1.000; reference_size = 3.1MB; observed bytes sent so far = 113320629; completed transmissions = 83"},"filename":"/Users/runner/work/xet-core/xet-core/xet_client/src/cas_client/adaptive_concurrency/controller.rs","line_number":597}
{"timestamp":"2026-05-10T11:21:44.865321Z","level":"INFO","fields":{"message":"Retry strategy","max_attempts":5,"base_delay":"3s","no_retry_on_429":false},"filename":"/Users/runner/work/xet-core/xet-core/xet_client/src/cas_client/retry_wrapper.rs","line_number":235}
{"timestamp":"2026-05-10T11:21:44.881068Z","level":"INFO","fields":{"message":"Received CAS response","request_id":"","status_code":206},"filename":"/Users/runner/work/xet-core/xet-core/xet_client/src/common/http_client.rs","line_number":288}
{"timestamp":"2026-05-10T11:21:44.881156Z","level":"INFO","fields":{"message":"Request Success: s3::get_range api call succeeded (request id )."},"filename":"/Users/runner/work/xet-core/xet-core/xet_client/src/cas_client/retry_wrapper.rs","line_number":196}
{"timestamp":"2026-05-10T11:21:44.907334Z","level":"INFO","fields":{"message":"Received CAS response","request_id":"","status_code":206},"filename":"/Users/runner/work/xet-core/xet-core/xet_client/src/common/http_client.rs","line_number":288}
{"timestamp":"2026-05-10T11:21:44.907409Z","level":"INFO","fields":{"message":"Request Success: s3::get_range api call succeeded (request id )."},"filename":"/Users/runner/work/xet-core/xet-core/xet_client/src/cas_client/retry_wrapper.rs","line_number":196}
{"timestamp":"2026-05-10T11:21:44.931458Z","level":"INFO","fields":{"message":"Received CAS response","request_id":"","status_code":206},"filename":"/Users/runner/work/xet-core/xet-core/xet_client/src/common/http_client.rs","line_number":288}
{"timestamp":"2026-05-10T11:21:44.931481Z","level":"INFO","fields":{"message":"Request Success: s3::get_range api call succeeded (request id )."},"filename":"/Users/runner/work/xet-core/xet-core/xet_client/src/cas_client/retry_wrapper.rs","line_number":196}
{"timestamp":"2026-05-10T11:21:45.022742Z","level":"INFO","fields":{"message":"Received CAS response","request_id":"","status_code":206},"filename":"/Users/runner/work/xet-core/xet-core/xet_client/src/common/http_client.rs","line_number":288}
{"timestamp":"2026-05-10T11:21:45.022752Z","level":"INFO","fields":{"message":"Request Success: s3::get_range api call succeeded (request id )."},"filename":"/Users/runner/work/xet-core/xet-core/xet_client/src/cas_client/retry_wrapper.rs","line_number":196}
{"timestamp":"2026-05-10T11:21:45.144892Z","level":"INFO","fields":{"message":"Concurrency control for download: Increased concurrency from 64 to 64; reason: success ratio 1.000 is above threshold 0.800 and predicted RTT for 3MB at new concurrency is 28.65s < target 60.0s"},"filename":"/Users/runner/work/xet-core/xet-core/xet_client/src/cas_client/adaptive_concurrency/controller.rs","line_number":543}
{"timestamp":"2026-05-10T11:21:45.256598Z","level":"INFO","fields":{"message":"Retry strategy","max_attempts":5,"base_delay":"3s","no_retry_on_429":false},"filename":"/Users/runner/work/xet-core/xet-core/xet_client/src/cas_client/retry_wrapper.rs","line_number":235}
{"timestamp":"2026-05-10T11:21:45.369686Z","level":"INFO","fields":{"message":"Retry strategy","max_attempts":5,"base_delay":"3s","no_retry_on_429":false},"filename":"/Users/runner/work/xet-core/xet-core/xet_client/src/cas_client/retry_wrapper.rs","line_number":235}
{"timestamp":"2026-05-10T11:21:45.535137Z","level":"INFO","fields":{"message":"Retry strategy","max_attempts":5,"base_delay":"3s","no_retry_on_429":false},"filename":"/Users/runner/work/xet-core/xet-core/xet_client/src/cas_client/retry_wrapper.rs","line_number":235}
{"timestamp":"2026-05-10T11:21:45.895350Z","level":"INFO","fields":{"message":"Received CAS response","request_id":"","status_code":206},"filename":"/Users/runner/work/xet-core/xet-core/xet_client/src/common/http_client.rs","line_number":288}
{"timestamp":"2026-05-10T11:21:45.895384Z","level":"INFO","fields":{"message":"Request Success: s3::get_range api call succeeded (request id )."},"filename":"/Users/runner/work/xet-core/xet-core/xet_client/src/cas_client/retry_wrapper.rs","line_number":196}
{"timestamp":"2026-05-10T11:21:45.910200Z","level":"INFO","fields":{"message":"Concurrency control for download: Increased concurrency from 64 to 64; reason: success ratio 1.000 is above threshold 0.800 and predicted RTT for 3MB at new concurrency is 29.91s < target 60.0s"},"filename":"/Users/runner/work/xet-core/xet-core/xet_client/src/cas_client/adaptive_concurrency/controller.rs","line_number":543}
{"timestamp":"2026-05-10T11:21:46.033933Z","level":"INFO","fields":{"message":"Received CAS response","request_id":"","status_code":206},"filename":"/Users/runner/work/xet-core/xet-core/xet_client/src/common/http_client.rs","line_number":288}
{"timestamp":"2026-05-10T11:21:46.033947Z","level":"INFO","fields":{"message":"Request Success: s3::get_range api call succeeded (request id )."},"filename":"/Users/runner/work/xet-core/xet-core/xet_client/src/cas_client/retry_wrapper.rs","line_number":196}
{"timestamp":"2026-05-10T11:21:46.084093Z","level":"INFO","fields":{"message":"Received CAS response","request_id":"","status_code":206},"filename":"/Users/runner/work/xet-core/xet-core/xet_client/src/common/http_client.rs","line_number":288}
{"timestamp":"2026-05-10T11:21:46.084113Z","level":"INFO","fields":{"message":"Request Success: s3::get_range api call succeeded (request id )."},"filename":"/Users/runner/work/xet-core/xet-core/xet_client/src/cas_client/retry_wrapper.rs","line_number":196}
{"timestamp":"2026-05-10T11:21:46.415817Z","level":"INFO","fields":{"message":"Concurrency control for download: Increased concurrency from 64 to 64; reason: success ratio 1.000 is above threshold 0.800 and predicted RTT for 3MB at new concurrency is 31.88s < target 60.0s"},"filename":"/Users/runner/work/xet-core/xet-core/xet_client/src/cas_client/adaptive_concurrency/controller.rs","line_number":543}
{"timestamp":"2026-05-10T11:21:46.926648Z","level":"INFO","fields":{"message":"Concurrency control for download: Increased concurrency from 64 to 64; reason: success ratio 1.000 is above threshold 0.800 and predicted RTT for 3MB at new concurrency is 34.22s < target 60.0s"},"filename":"/Users/runner/work/xet-core/xet-core/xet_client/src/cas_client/adaptive_concurrency/controller.rs","line_number":543}
{"timestamp":"2026-05-10T11:21:47.467434Z","level":"INFO","fields":{"message":"Concurrency control for download: Increased concurrency from 64 to 64; reason: success ratio 1.000 is above threshold 0.800 and predicted RTT for 3MB at new concurrency is 33.01s < target 60.0s"},"filename":"/Users/runner/work/xet-core/xet-core/xet_client/src/cas_client/adaptive_concurrency/controller.rs","line_number":543}
{"timestamp":"2026-05-10T11:21:47.637972Z","level":"INFO","fields":{"message":"Retry strategy","max_attempts":5,"base_delay":"3s","no_retry_on_429":false},"filename":"/Users/runner/work/xet-core/xet-core/xet_client/src/cas_client/retry_wrapper.rs","line_number":235}
{"timestamp":"2026-05-10T11:21:48.033173Z","level":"INFO","fields":{"message":"Concurrency control for download: Increased concurrency from 64 to 64; reason: success ratio 1.000 is above threshold 0.800 and predicted RTT for 3MB at new concurrency is 32.67s < target 60.0s"},"filename":"/Users/runner/work/xet-core/xet-core/xet_client/src/cas_client/adaptive_concurrency/controller.rs","line_number":543}
{"timestamp":"2026-05-10T11:21:48.123762Z","level":"INFO","fields":{"message":"Retry strategy","max_attempts":5,"base_delay":"3s","no_retry_on_429":false},"filename":"/Users/runner/work/xet-core/xet-core/xet_client/src/cas_client/retry_wrapper.rs","line_number":235}
{"timestamp":"2026-05-10T11:21:48.172238Z","level":"INFO","fields":{"message":"Retry strategy","max_attempts":5,"base_delay":"3s","no_retry_on_429":false},"filename":"/Users/runner/work/xet-core/xet-core/xet_client/src/cas_client/retry_wrapper.rs","line_number":235}
{"timestamp":"2026-05-10T11:21:48.174987Z","level":"INFO","fields":{"message":"Retry strategy","max_attempts":5,"base_delay":"3s","no_retry_on_429":false},"filename":"/Users/runner/work/xet-core/xet-core/xet_client/src/cas_client/retry_wrapper.rs","line_number":235}
{"timestamp":"2026-05-10T11:21:48.300200Z","level":"INFO","fields":{"message":"Retry strategy","max_attempts":5,"base_delay":"3s","no_retry_on_429":false},"filename":"/Users/runner/work/xet-core/xet-core/xet_client/src/cas_client/retry_wrapper.rs","line_number":235}
{"timestamp":"2026-05-10T11:21:48.407197Z","level":"INFO","fields":{"message":"Retry strategy","max_attempts":5,"base_delay":"3s","no_retry_on_429":false},"filename":"/Users/runner/work/xet-core/xet-core/xet_client/src/cas_client/retry_wrapper.rs","line_number":235}
{"timestamp":"2026-05-10T11:21:48.564639Z","level":"INFO","fields":{"message":"Concurrency control for download: Increased concurrency from 64 to 64; reason: success ratio 1.000 is above threshold 0.800 and predicted RTT for 3MB at new concurrency is 31.93s < target 60.0s"},"filename":"/Users/runner/work/xet-core/xet-core/xet_client/src/cas_client/adaptive_concurrency/controller.rs","line_number":543}
{"timestamp":"2026-05-10T11:21:49.089046Z","level":"INFO","fields":{"message":"Concurrency control for download: Increased concurrency from 64 to 64; reason: success ratio 1.000 is above threshold 0.800 and predicted RTT for 3MB at new concurrency is 31.82s < target 60.0s"},"filename":"/Users/runner/work/xet-core/xet-core/xet_client/src/cas_client/adaptive_concurrency/controller.rs","line_number":543}
{"timestamp":"2026-05-10T11:21:49.222049Z","level":"INFO","fields":{"message":"Received CAS response","request_id":"","status_code":206},"filename":"/Users/runner/work/xet-core/xet-core/xet_client/src/common/http_client.rs","line_number":288}
{"timestamp":"2026-05-10T11:21:49.222064Z","level":"INFO","fields":{"message":"Request Success: s3::get_range api call succeeded (request id )."},"filename":"/Users/runner/work/xet-core/xet-core/xet_client/src/cas_client/retry_wrapper.rs","line_number":196}
{"timestamp":"2026-05-10T11:21:49.251565Z","level":"INFO","fields":{"message":"Received CAS response","request_id":"","status_code":206},"filename":"/Users/runner/work/xet-core/xet-core/xet_client/src/common/http_client.rs","line_number":288}
{"timestamp":"2026-05-10T11:21:49.251601Z","level":"INFO","fields":{"message":"Request Success: s3::get_range api call succeeded (request id )."},"filename":"/Users/runner/work/xet-core/xet-core/xet_client/src/cas_client/retry_wrapper.rs","line_number":196}
{"timestamp":"2026-05-10T11:21:49.251875Z","level":"INFO","fields":{"message":"Retry strategy","max_attempts":5,"base_delay":"3s","no_retry_on_429":false},"filename":"/Users/runner/work/xet-core/xet-core/xet_client/src/cas_client/retry_wrapper.rs","line_number":235}
{"timestamp":"2026-05-10T11:21:49.282786Z","level":"INFO","fields":{"message":"Received CAS response","request_id":"","status_code":206},"filename":"/Users/runner/work/xet-core/xet-core/xet_client/src/common/http_client.rs","line_number":288}
{"timestamp":"2026-05-10T11:21:49.282819Z","level":"INFO","fields":{"message":"Request Success: s3::get_range api call succeeded (request id )."},"filename":"/Users/runner/work/xet-core/xet-core/xet_client/src/cas_client/retry_wrapper.rs","line_number":196}
{"timestamp":"2026-05-10T11:21:49.445372Z","level":"INFO","fields":{"message":"Retry strategy","max_attempts":5,"base_delay":"3s","no_retry_on_429":false},"filename":"/Users/runner/work/xet-core/xet-core/xet_client/src/cas_client/retry_wrapper.rs","line_number":235}
{"timestamp":"2026-05-10T11:21:49.542151Z","level":"INFO","fields":{"message":"Received CAS response","request_id":"","status_code":206},"filename":"/Users/runner/work/xet-core/xet-core/xet_client/src/common/http_client.rs","line_number":288}
{"timestamp":"2026-05-10T11:21:49.542165Z","level":"INFO","fields":{"message":"Request Success: s3::get_range api call succeeded (request id )."},"filename":"/Users/runner/work/xet-core/xet-core/xet_client/src/cas_client/retry_wrapper.rs","line_number":196}
{"timestamp":"2026-05-10T11:21:49.657799Z","level":"INFO","fields":{"message":"Concurrency control for download: Increased concurrency from 64 to 64; reason: success ratio 1.000 is above threshold 0.800 and predicted RTT for 3MB at new concurrency is 34.52s < target 60.0s"},"filename":"/Users/runner/work/xet-core/xet-core/xet_client/src/cas_client/adaptive_concurrency/controller.rs","line_number":543}
{"timestamp":"2026-05-10T11:21:49.675061Z","level":"INFO","fields":{"message":"Received CAS response","request_id":"","status_code":206},"filename":"/Users/runner/work/xet-core/xet-core/xet_client/src/common/http_client.rs","line_number":288}
{"timestamp":"2026-05-10T11:21:49.675070Z","level":"INFO","fields":{"message":"Request Success: s3::get_range api call succeeded (request id )."},"filename":"/Users/runner/work/xet-core/xet-core/xet_client/src/cas_client/retry_wrapper.rs","line_number":196}
{"timestamp":"2026-05-10T11:21:49.792660Z","level":"INFO","fields":{"message":"Received CAS response","request_id":"","status_code":206},"filename":"/Users/runner/work/xet-core/xet-core/xet_client/src/common/http_client.rs","line_number":288}
{"timestamp":"2026-05-10T11:21:49.792670Z","level":"INFO","fields":{"message":"Request Success: s3::get_range api call succeeded (request id )."},"filename":"/Users/runner/work/xet-core/xet-core/xet_client/src/cas_client/retry_wrapper.rs","line_number":196}
{"timestamp":"2026-05-10T11:21:49.860226Z","level":"INFO","fields":{"message":"Retry strategy","max_attempts":5,"base_delay":"3s","no_retry_on_429":false},"filename":"/Users/runner/work/xet-core/xet-core/xet_client/src/cas_client/retry_wrapper.rs","line_number":235}
{"timestamp":"2026-05-10T11:21:49.872865Z","level":"INFO","fields":{"message":"Received CAS response","request_id":"","status_code":206},"filename":"/Users/runner/work/xet-core/xet-core/xet_client/src/common/http_client.rs","line_number":288}
{"timestamp":"2026-05-10T11:21:49.872873Z","level":"INFO","fields":{"message":"Request Success: s3::get_range api call succeeded (request id )."},"filename":"/Users/runner/work/xet-core/xet-core/xet_client/src/cas_client/retry_wrapper.rs","line_number":196}
{"timestamp":"2026-05-10T11:21:50.213106Z","level":"INFO","fields":{"message":"Concurrency control for download: Decreased concurrency from 64 to 63; reason: success ratio below threshold (connection struggling) (success_ratio = 1.000, threshold = 0.500)"},"filename":"/Users/runner/work/xet-core/xet-core/xet_client/src/cas_client/adaptive_concurrency/controller.rs","line_number":581}
{"timestamp":"2026-05-10T11:21:50.733667Z","level":"INFO","fields":{"message":"Concurrency control for download: Increased concurrency from 63 to 64; reason: success ratio 1.000 is above threshold 0.800 and predicted RTT for 3MB at new concurrency is 37.91s < target 60.0s"},"filename":"/Users/runner/work/xet-core/xet-core/xet_client/src/cas_client/adaptive_concurrency/controller.rs","line_number":543}
{"timestamp":"2026-05-10T11:21:50.733683Z","level":"INFO","fields":{"message":"Retry strategy","max_attempts":5,"base_delay":"3s","no_retry_on_429":false},"filename":"/Users/runner/work/xet-core/xet-core/xet_client/src/cas_client/retry_wrapper.rs","line_number":235}
{"timestamp":"2026-05-10T11:21:50.773019Z","level":"INFO","fields":{"message":"Retry strategy","max_attempts":5,"base_delay":"3s","no_retry_on_429":false},"filename":"/Users/runner/work/xet-core/xet-core/xet_client/src/cas_client/retry_wrapper.rs","line_number":235}
{"timestamp":"2026-05-10T11:21:51.045961Z","level":"INFO","fields":{"message":"Retry strategy","max_attempts":5,"base_delay":"3s","no_retry_on_429":false},"filename":"/Users/runner/work/xet-core/xet-core/xet_client/src/cas_client/retry_wrapper.rs","line_number":235}
{"timestamp":"2026-05-10T11:21:51.083113Z","level":"INFO","fields":{"message":"Retry strategy","max_attempts":5,"base_delay":"3s","no_retry_on_429":false},"filename":"/Users/runner/work/xet-core/xet-core/xet_client/src/cas_client/retry_wrapper.rs","line_number":235}
{"timestamp":"2026-05-10T11:21:51.258066Z","level":"INFO","fields":{"message":"Concurrency control for download: Increased concurrency from 64 to 64; reason: success ratio 1.000 is above threshold 0.800 and predicted RTT for 3MB at new concurrency is 25.78s < target 60.0s"},"filename":"/Users/runner/work/xet-core/xet-core/xet_client/src/cas_client/adaptive_concurrency/controller.rs","line_number":543}
{"timestamp":"2026-05-10T11:21:51.761533Z","level":"INFO","fields":{"message":"Concurrency control for download: Increased concurrency from 64 to 64; reason: success ratio 1.000 is above threshold 0.800 and predicted RTT for 3MB at new concurrency is 27.55s < target 60.0s"},"filename":"/Users/runner/work/xet-core/xet-core/xet_client/src/cas_client/adaptive_concurrency/controller.rs","line_number":543}
{"timestamp":"2026-05-10T11:21:52.041124Z","level":"INFO","fields":{"message":"Retry strategy","max_attempts":5,"base_delay":"3s","no_retry_on_429":false},"filename":"/Users/runner/work/xet-core/xet-core/xet_client/src/cas_client/retry_wrapper.rs","line_number":235}
{"timestamp":"2026-05-10T11:21:52.050490Z","level":"INFO","fields":{"message":"Retry strategy","max_attempts":5,"base_delay":"3s","no_retry_on_429":false},"filename":"/Users/runner/work/xet-core/xet-core/xet_client/src/cas_client/retry_wrapper.rs","line_number":235}
{"timestamp":"2026-05-10T11:21:52.145794Z","level":"INFO","fields":{"message":"Retry strategy","max_attempts":5,"base_delay":"3s","no_retry_on_429":false},"filename":"/Users/runner/work/xet-core/xet-core/xet_client/src/cas_client/retry_wrapper.rs","line_number":235}
{"timestamp":"2026-05-10T11:21:52.262583Z","level":"INFO","fields":{"message":"Concurrency control for download: Increased concurrency from 64 to 64; reason: success ratio 1.000 is above threshold 0.800 and predicted RTT for 3MB at new concurrency is 29.72s < target 60.0s"},"filename":"/Users/runner/work/xet-core/xet-core/xet_client/src/cas_client/adaptive_concurrency/controller.rs","line_number":543}
{"timestamp":"2026-05-10T11:21:52.630735Z","level":"INFO","fields":{"message":"Retry strategy","max_attempts":5,"base_delay":"3s","no_retry_on_429":false},"filename":"/Users/runner/work/xet-core/xet-core/xet_client/src/cas_client/retry_wrapper.rs","line_number":235}
{"timestamp":"2026-05-10T11:21:52.666539Z","level":"INFO","fields":{"message":"Retry strategy","max_attempts":5,"base_delay":"3s","no_retry_on_429":false},"filename":"/Users/runner/work/xet-core/xet-core/xet_client/src/cas_client/retry_wrapper.rs","line_number":235}
{"timestamp":"2026-05-10T11:21:52.720146Z","level":"INFO","fields":{"message":"Retry strategy","max_attempts":5,"base_delay":"3s","no_retry_on_429":false},"filename":"/Users/runner/work/xet-core/xet-core/xet_client/src/cas_client/retry_wrapper.rs","line_number":235}
{"timestamp":"2026-05-10T11:21:52.795156Z","level":"INFO","fields":{"message":"Concurrency control for download: Increased concurrency from 64 to 64; reason: success ratio 1.000 is above threshold 0.800 and predicted RTT for 3MB at new concurrency is 40.88s < target 60.0s"},"filename":"/Users/runner/work/xet-core/xet-core/xet_client/src/cas_client/adaptive_concurrency/controller.rs","line_number":543}
{"timestamp":"2026-05-10T11:21:53.103231Z","level":"INFO","fields":{"message":"Retry strategy","max_attempts":5,"base_delay":"3s","no_retry_on_429":false},"filename":"/Users/runner/work/xet-core/xet-core/xet_client/src/cas_client/retry_wrapper.rs","line_number":235}
{"timestamp":"2026-05-10T11:21:53.305690Z","level":"INFO","fields":{"message":"Concurrency control for download: Increased concurrency from 64 to 64; reason: success ratio 1.000 is above threshold 0.800 and predicted RTT for 3MB at new concurrency is 38.94s < target 60.0s"},"filename":"/Users/runner/work/xet-core/xet-core/xet_client/src/cas_client/adaptive_concurrency/controller.rs","line_number":543}
{"timestamp":"2026-05-10T11:21:53.820839Z","level":"INFO","fields":{"message":"Concurrency control for download: Increased concurrency from 64 to 64; reason: success ratio 1.000 is above threshold 0.800 and predicted RTT for 3MB at new concurrency is 39.00s < target 60.0s"},"filename":"/Users/runner/work/xet-core/xet-core/xet_client/src/cas_client/adaptive_concurrency/controller.rs","line_number":543}
{"timestamp":"2026-05-10T11:21:54.345853Z","level":"INFO","fields":{"message":"Concurrency control for download: Increased concurrency from 64 to 64; reason: success ratio 1.000 is above threshold 0.800 and predicted RTT for 3MB at new concurrency is 39.29s < target 60.0s"},"filename":"/Users/runner/work/xet-core/xet-core/xet_client/src/cas_client/adaptive_concurrency/controller.rs","line_number":543}
{"timestamp":"2026-05-10T11:21:54.886944Z","level":"INFO","fields":{"message":"Concurrency control for download: Increased concurrency from 64 to 64; reason: success ratio 1.000 is above threshold 0.800 and predicted RTT for 3MB at new concurrency is 39.74s < target 60.0s"},"filename":"/Users/runner/work/xet-core/xet-core/xet_client/src/cas_client/adaptive_concurrency/controller.rs","line_number":543}
{"timestamp":"2026-05-10T11:21:54.886959Z","level":"INFO","fields":{"message":"Concurrency control for download: Current concurrency = 64; predicted bandwidth = 504047; success_ratio = 1.000; reference_size = 3.4MB; observed bytes sent so far = 139504773; completed transmissions = 106"},"filename":"/Users/runner/work/xet-core/xet-core/xet_client/src/cas_client/adaptive_concurrency/controller.rs","line_number":597}
{"timestamp":"2026-05-10T11:21:55.396584Z","level":"INFO","fields":{"message":"Concurrency control for download: Increased concurrency from 64 to 64; reason: success ratio 1.000 is above threshold 0.800 and predicted RTT for 3MB at new concurrency is 40.37s < target 60.0s"},"filename":"/Users/runner/work/xet-core/xet-core/xet_client/src/cas_client/adaptive_concurrency/controller.rs","line_number":543}
{"timestamp":"2026-05-10T11:21:55.622892Z","level":"INFO","fields":{"message":"Retry strategy","max_attempts":5,"base_delay":"3s","no_retry_on_429":false},"filename":"/Users/runner/work/xet-core/xet-core/xet_client/src/cas_client/retry_wrapper.rs","line_number":235}
{"timestamp":"2026-05-10T11:21:55.745605Z","level":"INFO","fields":{"message":"Retry strategy","max_attempts":5,"base_delay":"3s","no_retry_on_429":false},"filename":"/Users/runner/work/xet-core/xet-core/xet_client/src/cas_client/retry_wrapper.rs","line_number":235}
{"timestamp":"2026-05-10T11:21:55.963308Z","level":"INFO","fields":{"message":"Concurrency control for download: Increased concurrency from 64 to 64; reason: success ratio 1.000 is above threshold 0.800 and predicted RTT for 3MB at new concurrency is 40.84s < target 60.0s"},"filename":"/Users/runner/work/xet-core/xet-core/xet_client/src/cas_client/adaptive_concurrency/controller.rs","line_number":543}
{"timestamp":"2026-05-10T11:21:56.493536Z","level":"INFO","fields":{"message":"Concurrency control for download: Increased concurrency from 64 to 64; reason: success ratio 1.000 is above threshold 0.800 and predicted RTT for 3MB at new concurrency is 41.50s < target 60.0s"},"filename":"/Users/runner/work/xet-core/xet-core/xet_client/src/cas_client/adaptive_concurrency/controller.rs","line_number":543}
{"timestamp":"2026-05-10T11:21:57.007930Z","level":"INFO","fields":{"message":"Concurrency control for download: Increased concurrency from 64 to 64; reason: success ratio 1.000 is above threshold 0.800 and predicted RTT for 3MB at new concurrency is 40.88s < target 60.0s"},"filename":"/Users/runner/work/xet-core/xet-core/xet_client/src/cas_client/adaptive_concurrency/controller.rs","line_number":543}
{"timestamp":"2026-05-10T11:21:57.143342Z","level":"INFO","fields":{"message":"Retry strategy","max_attempts":5,"base_delay":"3s","no_retry_on_429":false},"filename":"/Users/runner/work/xet-core/xet-core/xet_client/src/cas_client/retry_wrapper.rs","line_number":235}
{"timestamp":"2026-05-10T11:21:57.520440Z","level":"INFO","fields":{"message":"Concurrency control for download: Increased concurrency from 64 to 64; reason: success ratio 1.000 is above threshold 0.800 and predicted RTT for 3MB at new concurrency is 26.75s < target 60.0s"},"filename":"/Users/runner/work/xet-core/xet-core/xet_client/src/cas_client/adaptive_concurrency/controller.rs","line_number":543}
{"timestamp":"2026-05-10T11:21:57.998545Z","level":"INFO","fields":{"message":"Retry strategy","max_attempts":5,"base_delay":"3s","no_retry_on_429":false},"filename":"/Users/runner/work/xet-core/xet-core/xet_client/src/cas_client/retry_wrapper.rs","line_number":235}
{"timestamp":"2026-05-10T11:21:58.041546Z","level":"INFO","fields":{"message":"Concurrency control for download: Increased concurrency from 64 to 64; reason: success ratio 1.000 is above threshold 0.800 and predicted RTT for 3MB at new concurrency is 23.98s < target 60.0s"},"filename":"/Users/runner/work/xet-core/xet-core/xet_client/src/cas_client/adaptive_concurrency/controller.rs","line_number":543}
{"timestamp":"2026-05-10T11:21:58.311042Z","level":"INFO","fields":{"message":"Received CAS response","request_id":"","status_code":206},"filename":"/Users/runner/work/xet-core/xet-core/xet_client/src/common/http_client.rs","line_number":288}
{"timestamp":"2026-05-10T11:21:58.311077Z","level":"INFO","fields":{"message":"Request Success: s3::get_range api call succeeded (request id )."},"filename":"/Users/runner/work/xet-core/xet-core/xet_client/src/cas_client/retry_wrapper.rs","line_number":196}
{"timestamp":"2026-05-10T11:21:58.386258Z","level":"INFO","fields":{"message":"Received CAS response","request_id":"","status_code":206},"filename":"/Users/runner/work/xet-core/xet-core/xet_client/src/common/http_client.rs","line_number":288}
{"timestamp":"2026-05-10T11:21:58.386292Z","level":"INFO","fields":{"message":"Request Success: s3::get_range api call succeeded (request id )."},"filename":"/Users/runner/work/xet-core/xet-core/xet_client/src/cas_client/retry_wrapper.rs","line_number":196}
{"timestamp":"2026-05-10T11:21:58.440204Z","level":"INFO","fields":{"message":"Received CAS response","request_id":"","status_code":206},"filename":"/Users/runner/work/xet-core/xet-core/xet_client/src/common/http_client.rs","line_number":288}
{"timestamp":"2026-05-10T11:21:58.440233Z","level":"INFO","fields":{"message":"Request Success: s3::get_range api call succeeded (request id )."},"filename":"/Users/runner/work/xet-core/xet-core/xet_client/src/cas_client/retry_wrapper.rs","line_number":196}
{"timestamp":"2026-05-10T11:21:58.470606Z","level":"INFO","fields":{"message":"Received CAS response","request_id":"","status_code":206},"filename":"/Users/runner/work/xet-core/xet-core/xet_client/src/common/http_client.rs","line_number":288}
{"timestamp":"2026-05-10T11:21:58.470634Z","level":"INFO","fields":{"message":"Request Success: s3::get_range api call succeeded (request id )."},"filename":"/Users/runner/work/xet-core/xet-core/xet_client/src/cas_client/retry_wrapper.rs","line_number":196}
{"timestamp":"2026-05-10T11:21:58.501324Z","level":"INFO","fields":{"message":"Received CAS response","request_id":"","status_code":206},"filename":"/Users/runner/work/xet-core/xet-core/xet_client/src/common/http_client.rs","line_number":288}
{"timestamp":"2026-05-10T11:21:58.501354Z","level":"INFO","fields":{"message":"Request Success: s3::get_range api call succeeded (request id )."},"filename":"/Users/runner/work/xet-core/xet-core/xet_client/src/cas_client/retry_wrapper.rs","line_number":196}
{"timestamp":"2026-05-10T11:21:58.553076Z","level":"INFO","fields":{"message":"Concurrency control for download: Increased concurrency from 64 to 64; reason: success ratio 1.000 is above threshold 0.800 and predicted RTT for 3MB at new concurrency is 23.99s < target 60.0s"},"filename":"/Users/runner/work/xet-core/xet-core/xet_client/src/cas_client/adaptive_concurrency/controller.rs","line_number":543}
{"timestamp":"2026-05-10T11:21:58.555713Z","level":"INFO","fields":{"message":"Received CAS response","request_id":"","status_code":206},"filename":"/Users/runner/work/xet-core/xet-core/xet_client/src/common/http_client.rs","line_number":288}
{"timestamp":"2026-05-10T11:21:58.555785Z","level":"INFO","fields":{"message":"Request Success: s3::get_range api call succeeded (request id )."},"filename":"/Users/runner/work/xet-core/xet-core/xet_client/src/cas_client/retry_wrapper.rs","line_number":196}
{"timestamp":"2026-05-10T11:21:58.664249Z","level":"INFO","fields":{"message":"Received CAS response","request_id":"","status_code":206},"filename":"/Users/runner/work/xet-core/xet-core/xet_client/src/common/http_client.rs","line_number":288}
{"timestamp":"2026-05-10T11:21:58.664283Z","level":"INFO","fields":{"message":"Request Success: s3::get_range api call succeeded (request id )."},"filename":"/Users/runner/work/xet-core/xet-core/xet_client/src/cas_client/retry_wrapper.rs","line_number":196}
{"timestamp":"2026-05-10T11:21:58.742783Z","level":"INFO","fields":{"message":"Retry strategy","max_attempts":5,"base_delay":"3s","no_retry_on_429":false},"filename":"/Users/runner/work/xet-core/xet-core/xet_client/src/cas_client/retry_wrapper.rs","line_number":235}
{"timestamp":"2026-05-10T11:21:58.822888Z","level":"INFO","fields":{"message":"Received CAS response","request_id":"","status_code":206},"filename":"/Users/runner/work/xet-core/xet-core/xet_client/src/common/http_client.rs","line_number":288}
{"timestamp":"2026-05-10T11:21:58.822925Z","level":"INFO","fields":{"message":"Request Success: s3::get_range api call succeeded (request id )."},"filename":"/Users/runner/work/xet-core/xet-core/xet_client/src/cas_client/retry_wrapper.rs","line_number":196}
{"timestamp":"2026-05-10T11:21:58.906688Z","level":"INFO","fields":{"message":"Received CAS response","request_id":"","status_code":206},"filename":"/Users/runner/work/xet-core/xet-core/xet_client/src/common/http_client.rs","line_number":288}
{"timestamp":"2026-05-10T11:21:58.906726Z","level":"INFO","fields":{"message":"Request Success: s3::get_range api call succeeded (request id )."},"filename":"/Users/runner/work/xet-core/xet-core/xet_client/src/cas_client/retry_wrapper.rs","line_number":196}
{"timestamp":"2026-05-10T11:21:59.056457Z","level":"INFO","fields":{"message":"Concurrency control for download: Increased concurrency from 64 to 64; reason: success ratio 1.000 is above threshold 0.800 and predicted RTT for 3MB at new concurrency is 25.00s < target 60.0s"},"filename":"/Users/runner/work/xet-core/xet-core/xet_client/src/cas_client/adaptive_concurrency/controller.rs","line_number":543}
{"timestamp":"2026-05-10T11:21:59.208482Z","level":"INFO","fields":{"message":"Retry strategy","max_attempts":5,"base_delay":"3s","no_retry_on_429":false},"filename":"/Users/runner/work/xet-core/xet-core/xet_client/src/cas_client/retry_wrapper.rs","line_number":235}
{"timestamp":"2026-05-10T11:21:59.221259Z","level":"INFO","fields":{"message":"Received CAS response","request_id":"","status_code":206},"filename":"/Users/runner/work/xet-core/xet-core/xet_client/src/common/http_client.rs","line_number":288}
{"timestamp":"2026-05-10T11:21:59.221273Z","level":"INFO","fields":{"message":"Request Success: s3::get_range api call succeeded (request id )."},"filename":"/Users/runner/work/xet-core/xet-core/xet_client/src/cas_client/retry_wrapper.rs","line_number":196}
{"timestamp":"2026-05-10T11:21:59.322969Z","level":"INFO","fields":{"message":"Received CAS response","request_id":"","status_code":206},"filename":"/Users/runner/work/xet-core/xet-core/xet_client/src/common/http_client.rs","line_number":288}
{"timestamp":"2026-05-10T11:21:59.322980Z","level":"INFO","fields":{"message":"Request Success: s3::get_range api call succeeded (request id )."},"filename":"/Users/runner/work/xet-core/xet-core/xet_client/src/cas_client/retry_wrapper.rs","line_number":196}
{"timestamp":"2026-05-10T11:21:59.469766Z","level":"INFO","fields":{"message":"Retry strategy","max_attempts":5,"base_delay":"3s","no_retry_on_429":false},"filename":"/Users/runner/work/xet-core/xet-core/xet_client/src/cas_client/retry_wrapper.rs","line_number":235}
{"timestamp":"2026-05-10T11:21:59.563373Z","level":"INFO","fields":{"message":"Concurrency control for download: Increased concurrency from 64 to 64; reason: success ratio 1.000 is above threshold 0.800 and predicted RTT for 4MB at new concurrency is 25.26s < target 60.0s"},"filename":"/Users/runner/work/xet-core/xet-core/xet_client/src/cas_client/adaptive_concurrency/controller.rs","line_number":543}
{"timestamp":"2026-05-10T11:21:59.610804Z","level":"INFO","fields":{"message":"Received CAS response","request_id":"","status_code":206},"filename":"/Users/runner/work/xet-core/xet-core/xet_client/src/common/http_client.rs","line_number":288}
{"timestamp":"2026-05-10T11:21:59.610816Z","level":"INFO","fields":{"message":"Request Success: s3::get_range api call succeeded (request id )."},"filename":"/Users/runner/work/xet-core/xet-core/xet_client/src/cas_client/retry_wrapper.rs","line_number":196}
{"timestamp":"2026-05-10T11:21:59.641635Z","level":"INFO","fields":{"message":"Received CAS response","request_id":"","status_code":206},"filename":"/Users/runner/work/xet-core/xet-core/xet_client/src/common/http_client.rs","line_number":288}
{"timestamp":"2026-05-10T11:21:59.641646Z","level":"INFO","fields":{"message":"Request Success: s3::get_range api call succeeded (request id )."},"filename":"/Users/runner/work/xet-core/xet-core/xet_client/src/cas_client/retry_wrapper.rs","line_number":196}
{"timestamp":"2026-05-10T11:21:59.759457Z","level":"INFO","fields":{"message":"Retry strategy","max_attempts":5,"base_delay":"3s","no_retry_on_429":false},"filename":"/Users/runner/work/xet-core/xet-core/xet_client/src/cas_client/retry_wrapper.rs","line_number":235}
{"timestamp":"2026-05-10T11:21:59.946078Z","level":"INFO","fields":{"message":"Received CAS response","request_id":"","status_code":206},"filename":"/Users/runner/work/xet-core/xet-core/xet_client/src/common/http_client.rs","line_number":288}
{"timestamp":"2026-05-10T11:21:59.946095Z","level":"INFO","fields":{"message":"Request Success: s3::get_range api call succeeded (request id )."},"filename":"/Users/runner/work/xet-core/xet-core/xet_client/src/cas_client/retry_wrapper.rs","line_number":196}
{"timestamp":"2026-05-10T11:22:00.074681Z","level":"INFO","fields":{"message":"Concurrency control for download: Increased concurrency from 64 to 64; reason: success ratio 1.000 is above threshold 0.800 and predicted RTT for 4MB at new concurrency is 24.17s < target 60.0s"},"filename":"/Users/runner/work/xet-core/xet-core/xet_client/src/cas_client/adaptive_concurrency/controller.rs","line_number":543}
{"timestamp":"2026-05-10T11:22:00.082759Z","level":"INFO","fields":{"message":"Received CAS response","request_id":"","status_code":206},"filename":"/Users/runner/work/xet-core/xet-core/xet_client/src/common/http_client.rs","line_number":288}
{"timestamp":"2026-05-10T11:22:00.082772Z","level":"INFO","fields":{"message":"Request Success: s3::get_range api call succeeded (request id )."},"filename":"/Users/runner/work/xet-core/xet-core/xet_client/src/cas_client/retry_wrapper.rs","line_number":196}
{"timestamp":"2026-05-10T11:22:00.185720Z","level":"INFO","fields":{"message":"Received CAS response","request_id":"","status_code":206},"filename":"/Users/runner/work/xet-core/xet-core/xet_client/src/common/http_client.rs","line_number":288}
{"timestamp":"2026-05-10T11:22:00.185747Z","level":"INFO","fields":{"message":"Request Success: s3::get_range api call succeeded (request id )."},"filename":"/Users/runner/work/xet-core/xet-core/xet_client/src/cas_client/retry_wrapper.rs","line_number":196}
{"timestamp":"2026-05-10T11:22:00.245141Z","level":"INFO","fields":{"message":"Received CAS response","request_id":"","status_code":206},"filename":"/Users/runner/work/xet-core/xet-core/xet_client/src/common/http_client.rs","line_number":288}
{"timestamp":"2026-05-10T11:22:00.245175Z","level":"INFO","fields":{"message":"Request Success: s3::get_range api call succeeded (request id )."},"filename":"/Users/runner/work/xet-core/xet-core/xet_client/src/cas_client/retry_wrapper.rs","line_number":196}
{"timestamp":"2026-05-10T11:22:00.294409Z","level":"INFO","fields":{"message":"Received CAS response","request_id":"","status_code":206},"filename":"/Users/runner/work/xet-core/xet-core/xet_client/src/common/http_client.rs","line_number":288}
{"timestamp":"2026-05-10T11:22:00.294431Z","level":"INFO","fields":{"message":"Request Success: s3::get_range api call succeeded (request id )."},"filename":"/Users/runner/work/xet-core/xet-core/xet_client/src/cas_client/retry_wrapper.rs","line_number":196}
{"timestamp":"2026-05-10T11:22:00.545159Z","level":"INFO","fields":{"message":"Retry strategy","max_attempts":5,"base_delay":"3s","no_retry_on_429":false},"filename":"/Users/runner/work/xet-core/xet-core/xet_client/src/cas_client/retry_wrapper.rs","line_number":235}
{"timestamp":"2026-05-10T11:22:00.576953Z","level":"INFO","fields":{"message":"Concurrency control for download: Increased concurrency from 64 to 64; reason: success ratio 1.000 is above threshold 0.800 and predicted RTT for 4MB at new concurrency is 23.28s < target 60.0s"},"filename":"/Users/runner/work/xet-core/xet-core/xet_client/src/cas_client/adaptive_concurrency/controller.rs","line_number":543}
{"timestamp":"2026-05-10T11:22:00.605249Z","level":"INFO","fields":{"message":"Received CAS response","request_id":"","status_code":206},"filename":"/Users/runner/work/xet-core/xet-core/xet_client/src/common/http_client.rs","line_number":288}
{"timestamp":"2026-05-10T11:22:00.605279Z","level":"INFO","fields":{"message":"Request Success: s3::get_range api call succeeded (request id )."},"filename":"/Users/runner/work/xet-core/xet-core/xet_client/src/cas_client/retry_wrapper.rs","line_number":196}
{"timestamp":"2026-05-10T11:22:00.978073Z","level":"INFO","fields":{"message":"Retry strategy","max_attempts":5,"base_delay":"3s","no_retry_on_429":false},"filename":"/Users/runner/work/xet-core/xet-core/xet_client/src/cas_client/retry_wrapper.rs","line_number":235}
{"timestamp":"2026-05-10T11:22:00.978839Z","level":"INFO","fields":{"message":"Retry strategy","max_attempts":5,"base_delay":"3s","no_retry_on_429":false},"filename":"/Users/runner/work/xet-core/xet-core/xet_client/src/cas_client/retry_wrapper.rs","line_number":235}
{"timestamp":"2026-05-10T11:22:01.095990Z","level":"INFO","fields":{"message":"Concurrency control for download: Increased concurrency from 64 to 64; reason: success ratio 1.000 is above threshold 0.800 and predicted RTT for 3MB at new concurrency is 30.33s < target 60.0s"},"filename":"/Users/runner/work/xet-core/xet-core/xet_client/src/cas_client/adaptive_concurrency/controller.rs","line_number":543}
{"timestamp":"2026-05-10T11:22:01.182333Z","level":"INFO","fields":{"message":"Received CAS response","request_id":"","status_code":206},"filename":"/Users/runner/work/xet-core/xet-core/xet_client/src/common/http_client.rs","line_number":288}
{"timestamp":"2026-05-10T11:22:01.182365Z","level":"INFO","fields":{"message":"Request Success: s3::get_range api call succeeded (request id )."},"filename":"/Users/runner/work/xet-core/xet-core/xet_client/src/cas_client/retry_wrapper.rs","line_number":196}
{"timestamp":"2026-05-10T11:22:01.185621Z","level":"INFO","fields":{"message":"Retry strategy","max_attempts":5,"base_delay":"3s","no_retry_on_429":false},"filename":"/Users/runner/work/xet-core/xet-core/xet_client/src/cas_client/retry_wrapper.rs","line_number":235}
{"timestamp":"2026-05-10T11:22:01.598798Z","level":"INFO","fields":{"message":"Concurrency control for download: Increased concurrency from 64 to 64; reason: success ratio 1.000 is above threshold 0.800 and predicted RTT for 3MB at new concurrency is 40.65s < target 60.0s"},"filename":"/Users/runner/work/xet-core/xet-core/xet_client/src/cas_client/adaptive_concurrency/controller.rs","line_number":543}
{"timestamp":"2026-05-10T11:22:02.099147Z","level":"INFO","fields":{"message":"Concurrency control for download: Increased concurrency from 64 to 64; reason: success ratio 1.000 is above threshold 0.800 and predicted RTT for 3MB at new concurrency is 43.64s < target 60.0s"},"filename":"/Users/runner/work/xet-core/xet-core/xet_client/src/cas_client/adaptive_concurrency/controller.rs","line_number":543}
{"timestamp":"2026-05-10T11:22:02.604067Z","level":"INFO","fields":{"message":"Concurrency control for download: Increased concurrency from 64 to 64; reason: success ratio 1.000 is above threshold 0.800 and predicted RTT for 3MB at new concurrency is 47.90s < target 60.0s"},"filename":"/Users/runner/work/xet-core/xet-core/xet_client/src/cas_client/adaptive_concurrency/controller.rs","line_number":543}
{"timestamp":"2026-05-10T11:22:03.668940Z","level":"INFO","fields":{"message":"Concurrency control for download: Increased concurrency from 64 to 64; reason: success ratio 1.000 is above threshold 0.800 and predicted RTT for 3MB at new concurrency is 53.14s < target 60.0s"},"filename":"/Users/runner/work/xet-core/xet-core/xet_client/src/cas_client/adaptive_concurrency/controller.rs","line_number":543}
{"timestamp":"2026-05-10T11:22:04.106873Z","level":"INFO","fields":{"message":"Retry strategy","max_attempts":5,"base_delay":"3s","no_retry_on_429":false},"filename":"/Users/runner/work/xet-core/xet-core/xet_client/src/cas_client/retry_wrapper.rs","line_number":235}
{"timestamp":"2026-05-10T11:22:05.506868Z","level":"INFO","fields":{"message":"Concurrency control for download: Increased concurrency from 64 to 64; reason: success ratio 1.000 is above threshold 0.800 and predicted RTT for 4MB at new concurrency is 16.78s < target 60.0s"},"filename":"/Users/runner/work/xet-core/xet-core/xet_client/src/cas_client/adaptive_concurrency/controller.rs","line_number":543}
{"timestamp":"2026-05-10T11:22:05.506977Z","level":"INFO","fields":{"message":"Concurrency control for download: Current concurrency = 64; predicted bandwidth = 478734; success_ratio = 1.000; reference_size = 4.1MB; observed bytes sent so far = 166940044; completed transmissions = 119"},"filename":"/Users/runner/work/xet-core/xet-core/xet_client/src/cas_client/adaptive_concurrency/controller.rs","line_number":597}
{"timestamp":"2026-05-10T11:22:06.015609Z","level":"INFO","fields":{"message":"Concurrency control for download: Increased concurrency from 64 to 64; reason: success ratio 1.000 is above threshold 0.800 and predicted RTT for 4MB at new concurrency is 16.80s < target 60.0s"},"filename":"/Users/runner/work/xet-core/xet-core/xet_client/src/cas_client/adaptive_concurrency/controller.rs","line_number":543}
{"timestamp":"2026-05-10T11:22:06.566010Z","level":"INFO","fields":{"message":"Concurrency control for download: Increased concurrency from 64 to 64; reason: success ratio 1.000 is above threshold 0.800 and predicted RTT for 4MB at new concurrency is 16.97s < target 60.0s"},"filename":"/Users/runner/work/xet-core/xet-core/xet_client/src/cas_client/adaptive_concurrency/controller.rs","line_number":543}
{"timestamp":"2026-05-10T11:22:06.693508Z","level":"INFO","fields":{"message":"Retry strategy","max_attempts":5,"base_delay":"3s","no_retry_on_429":false},"filename":"/Users/runner/work/xet-core/xet-core/xet_client/src/cas_client/retry_wrapper.rs","line_number":235}
{"timestamp":"2026-05-10T11:22:06.759197Z","level":"INFO","fields":{"message":"Retry strategy","max_attempts":5,"base_delay":"3s","no_retry_on_429":false},"filename":"/Users/runner/work/xet-core/xet-core/xet_client/src/cas_client/retry_wrapper.rs","line_number":235}
{"timestamp":"2026-05-10T11:22:07.098642Z","level":"INFO","fields":{"message":"Concurrency control for download: Increased concurrency from 64 to 64; reason: success ratio 1.000 is above threshold 0.800 and predicted RTT for 4MB at new concurrency is 17.80s < target 60.0s"},"filename":"/Users/runner/work/xet-core/xet-core/xet_client/src/cas_client/adaptive_concurrency/controller.rs","line_number":543}
{"timestamp":"2026-05-10T11:22:07.215063Z","level":"INFO","fields":{"message":"Retry strategy","max_attempts":5,"base_delay":"3s","no_retry_on_429":false},"filename":"/Users/runner/work/xet-core/xet-core/xet_client/src/cas_client/retry_wrapper.rs","line_number":235}
{"timestamp":"2026-05-10T11:22:07.399608Z","level":"INFO","fields":{"message":"Received CAS response","request_id":"","status_code":206},"filename":"/Users/runner/work/xet-core/xet-core/xet_client/src/common/http_client.rs","line_number":288}
{"timestamp":"2026-05-10T11:22:07.399643Z","level":"INFO","fields":{"message":"Request Success: s3::get_range api call succeeded (request id )."},"filename":"/Users/runner/work/xet-core/xet-core/xet_client/src/cas_client/retry_wrapper.rs","line_number":196}
{"timestamp":"2026-05-10T11:22:07.419414Z","level":"INFO","fields":{"message":"Received CAS response","request_id":"","status_code":206},"filename":"/Users/runner/work/xet-core/xet-core/xet_client/src/common/http_client.rs","line_number":288}
{"timestamp":"2026-05-10T11:22:07.419442Z","level":"INFO","fields":{"message":"Request Success: s3::get_range api call succeeded (request id )."},"filename":"/Users/runner/work/xet-core/xet-core/xet_client/src/cas_client/retry_wrapper.rs","line_number":196}
{"timestamp":"2026-05-10T11:22:07.601317Z","level":"INFO","fields":{"message":"Received CAS response","request_id":"","status_code":206},"filename":"/Users/runner/work/xet-core/xet-core/xet_client/src/common/http_client.rs","line_number":288}
{"timestamp":"2026-05-10T11:22:07.601361Z","level":"INFO","fields":{"message":"Request Success: s3::get_range api call succeeded (request id )."},"filename":"/Users/runner/work/xet-core/xet-core/xet_client/src/cas_client/retry_wrapper.rs","line_number":196}
{"timestamp":"2026-05-10T11:22:07.602263Z","level":"INFO","fields":{"message":"Concurrency control for download: Increased concurrency from 64 to 64; reason: success ratio 1.000 is above threshold 0.800 and predicted RTT for 4MB at new concurrency is 17.90s < target 60.0s"},"filename":"/Users/runner/work/xet-core/xet-core/xet_client/src/cas_client/adaptive_concurrency/controller.rs","line_number":543}
{"timestamp":"2026-05-10T11:22:07.706273Z","level":"INFO","fields":{"message":"Received CAS response","request_id":"","status_code":206},"filename":"/Users/runner/work/xet-core/xet-core/xet_client/src/common/http_client.rs","line_number":288}
{"timestamp":"2026-05-10T11:22:07.706378Z","level":"INFO","fields":{"message":"Request Success: s3::get_range api call succeeded (request id )."},"filename":"/Users/runner/work/xet-core/xet-core/xet_client/src/cas_client/retry_wrapper.rs","line_number":196}
{"timestamp":"2026-05-10T11:22:07.830801Z","level":"INFO","fields":{"message":"Received CAS response","request_id":"","status_code":206},"filename":"/Users/runner/work/xet-core/xet-core/xet_client/src/common/http_client.rs","line_number":288}
{"timestamp":"2026-05-10T11:22:07.830853Z","level":"INFO","fields":{"message":"Request Success: s3::get_range api call succeeded (request id )."},"filename":"/Users/runner/work/xet-core/xet-core/xet_client/src/cas_client/retry_wrapper.rs","line_number":196}
{"timestamp":"2026-05-10T11:22:07.855436Z","level":"INFO","fields":{"message":"Received CAS response","request_id":"","status_code":206},"filename":"/Users/runner/work/xet-core/xet-core/xet_client/src/common/http_client.rs","line_number":288}
{"timestamp":"2026-05-10T11:22:07.855471Z","level":"INFO","fields":{"message":"Request Success: s3::get_range api call succeeded (request id )."},"filename":"/Users/runner/work/xet-core/xet-core/xet_client/src/cas_client/retry_wrapper.rs","line_number":196}
{"timestamp":"2026-05-10T11:22:07.964698Z","level":"INFO","fields":{"message":"Retry strategy","max_attempts":5,"base_delay":"3s","no_retry_on_429":false},"filename":"/Users/runner/work/xet-core/xet-core/xet_client/src/cas_client/retry_wrapper.rs","line_number":235}
{"timestamp":"2026-05-10T11:22:08.003763Z","level":"INFO","fields":{"message":"Received CAS response","request_id":"","status_code":206},"filename":"/Users/runner/work/xet-core/xet-core/xet_client/src/common/http_client.rs","line_number":288}
{"timestamp":"2026-05-10T11:22:08.003798Z","level":"INFO","fields":{"message":"Request Success: s3::get_range api call succeeded (request id )."},"filename":"/Users/runner/work/xet-core/xet-core/xet_client/src/cas_client/retry_wrapper.rs","line_number":196}
{"timestamp":"2026-05-10T11:22:08.047499Z","level":"INFO","fields":{"message":"Received CAS response","request_id":"","status_code":206},"filename":"/Users/runner/work/xet-core/xet-core/xet_client/src/common/http_client.rs","line_number":288}
{"timestamp":"2026-05-10T11:22:08.047534Z","level":"INFO","fields":{"message":"Request Success: s3::get_range api call succeeded (request id )."},"filename":"/Users/runner/work/xet-core/xet-core/xet_client/src/cas_client/retry_wrapper.rs","line_number":196}
{"timestamp":"2026-05-10T11:22:08.050959Z","level":"INFO","fields":{"message":"Retry strategy","max_attempts":5,"base_delay":"3s","no_retry_on_429":false},"filename":"/Users/runner/work/xet-core/xet-core/xet_client/src/cas_client/retry_wrapper.rs","line_number":235}
{"timestamp":"2026-05-10T11:22:08.064357Z","level":"INFO","fields":{"message":"Retry strategy","max_attempts":5,"base_delay":"3s","no_retry_on_429":false},"filename":"/Users/runner/work/xet-core/xet-core/xet_client/src/cas_client/retry_wrapper.rs","line_number":235}
{"timestamp":"2026-05-10T11:22:08.074254Z","level":"INFO","fields":{"message":"Received CAS response","request_id":"","status_code":206},"filename":"/Users/runner/work/xet-core/xet-core/xet_client/src/common/http_client.rs","line_number":288}
{"timestamp":"2026-05-10T11:22:08.074277Z","level":"INFO","fields":{"message":"Request Success: s3::get_range api call succeeded (request id )."},"filename":"/Users/runner/work/xet-core/xet-core/xet_client/src/cas_client/retry_wrapper.rs","line_number":196}
{"timestamp":"2026-05-10T11:22:08.102978Z","level":"INFO","fields":{"message":"Concurrency control for download: Increased concurrency from 64 to 64; reason: success ratio 1.000 is above threshold 0.800 and predicted RTT for 3MB at new concurrency is 21.69s < target 60.0s"},"filename":"/Users/runner/work/xet-core/xet-core/xet_client/src/cas_client/adaptive_concurrency/controller.rs","line_number":543}
{"timestamp":"2026-05-10T11:22:08.434992Z","level":"INFO","fields":{"message":"Received CAS response","request_id":"","status_code":206},"filename":"/Users/runner/work/xet-core/xet-core/xet_client/src/common/http_client.rs","line_number":288}
{"timestamp":"2026-05-10T11:22:08.435027Z","level":"INFO","fields":{"message":"Request Success: s3::get_range api call succeeded (request id )."},"filename":"/Users/runner/work/xet-core/xet-core/xet_client/src/cas_client/retry_wrapper.rs","line_number":196}
{"timestamp":"2026-05-10T11:22:08.557504Z","level":"INFO","fields":{"message":"Received CAS response","request_id":"","status_code":206},"filename":"/Users/runner/work/xet-core/xet-core/xet_client/src/common/http_client.rs","line_number":288}
{"timestamp":"2026-05-10T11:22:08.557541Z","level":"INFO","fields":{"message":"Request Success: s3::get_range api call succeeded (request id )."},"filename":"/Users/runner/work/xet-core/xet-core/xet_client/src/cas_client/retry_wrapper.rs","line_number":196}
{"timestamp":"2026-05-10T11:22:08.611475Z","level":"INFO","fields":{"message":"Concurrency control for download: Increased concurrency from 64 to 64; reason: success ratio 1.000 is above threshold 0.800 and predicted RTT for 3MB at new concurrency is 21.65s < target 60.0s"},"filename":"/Users/runner/work/xet-core/xet-core/xet_client/src/cas_client/adaptive_concurrency/controller.rs","line_number":543}
{"timestamp":"2026-05-10T11:22:08.660505Z","level":"INFO","fields":{"message":"Retry strategy","max_attempts":5,"base_delay":"3s","no_retry_on_429":false},"filename":"/Users/runner/work/xet-core/xet-core/xet_client/src/cas_client/retry_wrapper.rs","line_number":235}
{"timestamp":"2026-05-10T11:22:08.686668Z","level":"INFO","fields":{"message":"Received CAS response","request_id":"","status_code":206},"filename":"/Users/runner/work/xet-core/xet-core/xet_client/src/common/http_client.rs","line_number":288}
{"timestamp":"2026-05-10T11:22:08.686696Z","level":"INFO","fields":{"message":"Request Success: s3::get_range api call succeeded (request id )."},"filename":"/Users/runner/work/xet-core/xet-core/xet_client/src/cas_client/retry_wrapper.rs","line_number":196}
{"timestamp":"2026-05-10T11:22:08.706019Z","level":"INFO","fields":{"message":"Retry strategy","max_attempts":5,"base_delay":"3s","no_retry_on_429":false},"filename":"/Users/runner/work/xet-core/xet-core/xet_client/src/cas_client/retry_wrapper.rs","line_number":235}
{"timestamp":"2026-05-10T11:22:08.861558Z","level":"INFO","fields":{"message":"Retry strategy","max_attempts":5,"base_delay":"3s","no_retry_on_429":false},"filename":"/Users/runner/work/xet-core/xet-core/xet_client/src/cas_client/retry_wrapper.rs","line_number":235}
{"timestamp":"2026-05-10T11:22:08.886711Z","level":"INFO","fields":{"message":"Received CAS response","request_id":"","status_code":206},"filename":"/Users/runner/work/xet-core/xet-core/xet_client/src/common/http_client.rs","line_number":288}
{"timestamp":"2026-05-10T11:22:08.886745Z","level":"INFO","fields":{"message":"Request Success: s3::get_range api call succeeded (request id )."},"filename":"/Users/runner/work/xet-core/xet-core/xet_client/src/cas_client/retry_wrapper.rs","line_number":196}
{"timestamp":"2026-05-10T11:22:09.116103Z","level":"INFO","fields":{"message":"Concurrency control for download: Increased concurrency from 64 to 64; reason: success ratio 1.000 is above threshold 0.800 and predicted RTT for 4MB at new concurrency is 20.78s < target 60.0s"},"filename":"/Users/runner/work/xet-core/xet-core/xet_client/src/cas_client/adaptive_concurrency/controller.rs","line_number":543}
{"timestamp":"2026-05-10T11:22:09.156261Z","level":"INFO","fields":{"message":"Retry strategy","max_attempts":5,"base_delay":"3s","no_retry_on_429":false},"filename":"/Users/runner/work/xet-core/xet-core/xet_client/src/cas_client/retry_wrapper.rs","line_number":235}
{"timestamp":"2026-05-10T11:22:09.232733Z","level":"INFO","fields":{"message":"Retry strategy","max_attempts":5,"base_delay":"3s","no_retry_on_429":false},"filename":"/Users/runner/work/xet-core/xet-core/xet_client/src/cas_client/retry_wrapper.rs","line_number":235}
{"timestamp":"2026-05-10T11:22:09.618618Z","level":"INFO","fields":{"message":"Concurrency control for download: Increased concurrency from 64 to 64; reason: success ratio 1.000 is above threshold 0.800 and predicted RTT for 4MB at new concurrency is 13.98s < target 60.0s"},"filename":"/Users/runner/work/xet-core/xet-core/xet_client/src/cas_client/adaptive_concurrency/controller.rs","line_number":543}
{"timestamp":"2026-05-10T11:22:09.632078Z","level":"INFO","fields":{"message":"Retry strategy","max_attempts":5,"base_delay":"3s","no_retry_on_429":false},"filename":"/Users/runner/work/xet-core/xet-core/xet_client/src/cas_client/retry_wrapper.rs","line_number":235}
{"timestamp":"2026-05-10T11:22:10.051136Z","level":"INFO","fields":{"message":"Retry strategy","max_attempts":5,"base_delay":"3s","no_retry_on_429":false},"filename":"/Users/runner/work/xet-core/xet-core/xet_client/src/cas_client/retry_wrapper.rs","line_number":235}
{"timestamp":"2026-05-10T11:22:10.146114Z","level":"INFO","fields":{"message":"Concurrency control for download: Increased concurrency from 64 to 64; reason: success ratio 1.000 is above threshold 0.800 and predicted RTT for 4MB at new concurrency is 14.60s < target 60.0s"},"filename":"/Users/runner/work/xet-core/xet-core/xet_client/src/cas_client/adaptive_concurrency/controller.rs","line_number":543}
{"timestamp":"2026-05-10T11:22:10.313512Z","level":"INFO","fields":{"message":"Retry strategy","max_attempts":5,"base_delay":"3s","no_retry_on_429":false},"filename":"/Users/runner/work/xet-core/xet-core/xet_client/src/cas_client/retry_wrapper.rs","line_number":235}
{"timestamp":"2026-05-10T11:22:10.382371Z","level":"INFO","fields":{"message":"Retry strategy","max_attempts":5,"base_delay":"3s","no_retry_on_429":false},"filename":"/Users/runner/work/xet-core/xet-core/xet_client/src/cas_client/retry_wrapper.rs","line_number":235}
{"timestamp":"2026-05-10T11:22:10.487955Z","level":"INFO","fields":{"message":"Retry strategy","max_attempts":5,"base_delay":"3s","no_retry_on_429":false},"filename":"/Users/runner/work/xet-core/xet-core/xet_client/src/cas_client/retry_wrapper.rs","line_number":235}
{"timestamp":"2026-05-10T11:22:10.650733Z","level":"INFO","fields":{"message":"Concurrency control for download: Increased concurrency from 64 to 64; reason: success ratio 1.000 is above threshold 0.800 and predicted RTT for 4MB at new concurrency is 8.80s < target 60.0s"},"filename":"/Users/runner/work/xet-core/xet-core/xet_client/src/cas_client/adaptive_concurrency/controller.rs","line_number":543}
{"timestamp":"2026-05-10T11:22:11.210778Z","level":"INFO","fields":{"message":"Concurrency control for download: Increased concurrency from 64 to 64; reason: success ratio 1.000 is above threshold 0.800 and predicted RTT for 4MB at new concurrency is 8.80s < target 60.0s"},"filename":"/Users/runner/work/xet-core/xet-core/xet_client/src/cas_client/adaptive_concurrency/controller.rs","line_number":543}
{"timestamp":"2026-05-10T11:22:11.402406Z","level":"INFO","fields":{"message":"Received CAS response","request_id":"","status_code":206},"filename":"/Users/runner/work/xet-core/xet-core/xet_client/src/common/http_client.rs","line_number":288}
{"timestamp":"2026-05-10T11:22:11.402442Z","level":"INFO","fields":{"message":"Request Success: s3::get_range api call succeeded (request id )."},"filename":"/Users/runner/work/xet-core/xet-core/xet_client/src/cas_client/retry_wrapper.rs","line_number":196}
{"timestamp":"2026-05-10T11:22:11.461862Z","level":"INFO","fields":{"message":"Received CAS response","request_id":"","status_code":206},"filename":"/Users/runner/work/xet-core/xet-core/xet_client/src/common/http_client.rs","line_number":288}
{"timestamp":"2026-05-10T11:22:11.461899Z","level":"INFO","fields":{"message":"Request Success: s3::get_range api call succeeded (request id )."},"filename":"/Users/runner/work/xet-core/xet-core/xet_client/src/cas_client/retry_wrapper.rs","line_number":196}
{"timestamp":"2026-05-10T11:22:11.474862Z","level":"INFO","fields":{"message":"Received CAS response","request_id":"","status_code":206},"filename":"/Users/runner/work/xet-core/xet-core/xet_client/src/common/http_client.rs","line_number":288}
{"timestamp":"2026-05-10T11:22:11.474889Z","level":"INFO","fields":{"message":"Request Success: s3::get_range api call succeeded (request id )."},"filename":"/Users/runner/work/xet-core/xet-core/xet_client/src/cas_client/retry_wrapper.rs","line_number":196}
{"timestamp":"2026-05-10T11:22:11.719820Z","level":"INFO","fields":{"message":"Concurrency control for download: Increased concurrency from 64 to 64; reason: success ratio 1.000 is above threshold 0.800 and predicted RTT for 4MB at new concurrency is 9.02s < target 60.0s"},"filename":"/Users/runner/work/xet-core/xet-core/xet_client/src/cas_client/adaptive_concurrency/controller.rs","line_number":543}
{"timestamp":"2026-05-10T11:22:11.874453Z","level":"INFO","fields":{"message":"Retry strategy","max_attempts":5,"base_delay":"3s","no_retry_on_429":false},"filename":"/Users/runner/work/xet-core/xet-core/xet_client/src/cas_client/retry_wrapper.rs","line_number":235}
{"timestamp":"2026-05-10T11:22:12.020513Z","level":"INFO","fields":{"message":"Retry strategy","max_attempts":5,"base_delay":"3s","no_retry_on_429":false},"filename":"/Users/runner/work/xet-core/xet-core/xet_client/src/cas_client/retry_wrapper.rs","line_number":235}
{"timestamp":"2026-05-10T11:22:12.193046Z","level":"INFO","fields":{"message":"Retry strategy","max_attempts":5,"base_delay":"3s","no_retry_on_429":false},"filename":"/Users/runner/work/xet-core/xet-core/xet_client/src/cas_client/retry_wrapper.rs","line_number":235}
{"timestamp":"2026-05-10T11:22:12.239322Z","level":"INFO","fields":{"message":"Concurrency control for download: Increased concurrency from 64 to 64; reason: success ratio 1.000 is above threshold 0.800 and predicted RTT for 4MB at new concurrency is 8.98s < target 60.0s"},"filename":"/Users/runner/work/xet-core/xet-core/xet_client/src/cas_client/adaptive_concurrency/controller.rs","line_number":543}
{"timestamp":"2026-05-10T11:22:12.266727Z","level":"INFO","fields":{"message":"Received CAS response","request_id":"","status_code":206},"filename":"/Users/runner/work/xet-core/xet-core/xet_client/src/common/http_client.rs","line_number":288}
{"timestamp":"2026-05-10T11:22:12.266756Z","level":"INFO","fields":{"message":"Request Success: s3::get_range api call succeeded (request id )."},"filename":"/Users/runner/work/xet-core/xet-core/xet_client/src/cas_client/retry_wrapper.rs","line_number":196}
{"timestamp":"2026-05-10T11:22:12.324217Z","level":"INFO","fields":{"message":"Received CAS response","request_id":"","status_code":206},"filename":"/Users/runner/work/xet-core/xet-core/xet_client/src/common/http_client.rs","line_number":288}
{"timestamp":"2026-05-10T11:22:12.324250Z","level":"INFO","fields":{"message":"Request Success: s3::get_range api call succeeded (request id )."},"filename":"/Users/runner/work/xet-core/xet-core/xet_client/src/cas_client/retry_wrapper.rs","line_number":196}
{"timestamp":"2026-05-10T11:22:12.685329Z","level":"INFO","fields":{"message":"Received CAS response","request_id":"","status_code":206},"filename":"/Users/runner/work/xet-core/xet-core/xet_client/src/common/http_client.rs","line_number":288}
{"timestamp":"2026-05-10T11:22:12.685365Z","level":"INFO","fields":{"message":"Request Success: s3::get_range api call succeeded (request id )."},"filename":"/Users/runner/work/xet-core/xet-core/xet_client/src/cas_client/retry_wrapper.rs","line_number":196}
{"timestamp":"2026-05-10T11:22:12.792815Z","level":"INFO","fields":{"message":"Concurrency control for download: Increased concurrency from 64 to 64; reason: success ratio 1.000 is above threshold 0.800 and predicted RTT for 4MB at new concurrency is 9.09s < target 60.0s"},"filename":"/Users/runner/work/xet-core/xet-core/xet_client/src/cas_client/adaptive_concurrency/controller.rs","line_number":543}
{"timestamp":"2026-05-10T11:22:12.826231Z","level":"INFO","fields":{"message":"Received CAS response","request_id":"","status_code":206},"filename":"/Users/runner/work/xet-core/xet-core/xet_client/src/common/http_client.rs","line_number":288}
{"timestamp":"2026-05-10T11:22:12.826266Z","level":"INFO","fields":{"message":"Request Success: s3::get_range api call succeeded (request id )."},"filename":"/Users/runner/work/xet-core/xet-core/xet_client/src/cas_client/retry_wrapper.rs","line_number":196}
{"timestamp":"2026-05-10T11:22:12.889024Z","level":"INFO","fields":{"message":"Received CAS response","request_id":"","status_code":206},"filename":"/Users/runner/work/xet-core/xet-core/xet_client/src/common/http_client.rs","line_number":288}
{"timestamp":"2026-05-10T11:22:12.889298Z","level":"INFO","fields":{"message":"Request Success: s3::get_range api call succeeded (request id )."},"filename":"/Users/runner/work/xet-core/xet-core/xet_client/src/cas_client/retry_wrapper.rs","line_number":196}
{"timestamp":"2026-05-10T11:22:12.895786Z","level":"INFO","fields":{"message":"Received CAS response","request_id":"","status_code":206},"filename":"/Users/runner/work/xet-core/xet-core/xet_client/src/common/http_client.rs","line_number":288}
{"timestamp":"2026-05-10T11:22:12.895809Z","level":"INFO","fields":{"message":"Request Success: s3::get_range api call succeeded (request id )."},"filename":"/Users/runner/work/xet-core/xet-core/xet_client/src/cas_client/retry_wrapper.rs","line_number":196}
{"timestamp":"2026-05-10T11:22:13.016857Z","level":"INFO","fields":{"message":"Retry strategy","max_attempts":5,"base_delay":"3s","no_retry_on_429":false},"filename":"/Users/runner/work/xet-core/xet-core/xet_client/src/cas_client/retry_wrapper.rs","line_number":235}
{"timestamp":"2026-05-10T11:22:13.020548Z","level":"INFO","fields":{"message":"Received CAS response","request_id":"","status_code":206},"filename":"/Users/runner/work/xet-core/xet-core/xet_client/src/common/http_client.rs","line_number":288}
{"timestamp":"2026-05-10T11:22:13.020573Z","level":"INFO","fields":{"message":"Request Success: s3::get_range api call succeeded (request id )."},"filename":"/Users/runner/work/xet-core/xet-core/xet_client/src/cas_client/retry_wrapper.rs","line_number":196}
{"timestamp":"2026-05-10T11:22:13.300999Z","level":"INFO","fields":{"message":"Concurrency control for download: Increased concurrency from 64 to 64; reason: success ratio 1.000 is above threshold 0.800 and predicted RTT for 4MB at new concurrency is 10.91s < target 60.0s"},"filename":"/Users/runner/work/xet-core/xet-core/xet_client/src/cas_client/adaptive_concurrency/controller.rs","line_number":543}
{"timestamp":"2026-05-10T11:22:13.301057Z","level":"INFO","fields":{"message":"Retry strategy","max_attempts":5,"base_delay":"3s","no_retry_on_429":false},"filename":"/Users/runner/work/xet-core/xet-core/xet_client/src/cas_client/retry_wrapper.rs","line_number":235}
{"timestamp":"2026-05-10T11:22:13.545375Z","level":"INFO","fields":{"message":"Received CAS response","request_id":"","status_code":206},"filename":"/Users/runner/work/xet-core/xet-core/xet_client/src/common/http_client.rs","line_number":288}
{"timestamp":"2026-05-10T11:22:13.545436Z","level":"INFO","fields":{"message":"Request Success: s3::get_range api call succeeded (request id )."},"filename":"/Users/runner/work/xet-core/xet-core/xet_client/src/cas_client/retry_wrapper.rs","line_number":196}
{"timestamp":"2026-05-10T11:22:13.614469Z","level":"INFO","fields":{"message":"Retry strategy","max_attempts":5,"base_delay":"3s","no_retry_on_429":false},"filename":"/Users/runner/work/xet-core/xet-core/xet_client/src/cas_client/retry_wrapper.rs","line_number":235}
{"timestamp":"2026-05-10T11:22:13.859764Z","level":"INFO","fields":{"message":"Concurrency control for download: Increased concurrency from 64 to 64; reason: success ratio 1.000 is above threshold 0.800 and predicted RTT for 4MB at new concurrency is 9.07s < target 60.0s"},"filename":"/Users/runner/work/xet-core/xet-core/xet_client/src/cas_client/adaptive_concurrency/controller.rs","line_number":543}
{"timestamp":"2026-05-10T11:22:14.149364Z","level":"INFO","fields":{"message":"Retry strategy","max_attempts":5,"base_delay":"3s","no_retry_on_429":false},"filename":"/Users/runner/work/xet-core/xet-core/xet_client/src/cas_client/retry_wrapper.rs","line_number":235}
{"timestamp":"2026-05-10T11:22:14.168388Z","level":"INFO","fields":{"message":"Retry strategy","max_attempts":5,"base_delay":"3s","no_retry_on_429":false},"filename":"/Users/runner/work/xet-core/xet-core/xet_client/src/cas_client/retry_wrapper.rs","line_number":235}
{"timestamp":"2026-05-10T11:22:14.391094Z","level":"INFO","fields":{"message":"Concurrency control for download: Increased concurrency from 64 to 64; reason: success ratio 1.000 is above threshold 0.800 and predicted RTT for 3MB at new concurrency is 13.65s < target 60.0s"},"filename":"/Users/runner/work/xet-core/xet-core/xet_client/src/cas_client/adaptive_concurrency/controller.rs","line_number":543}
{"timestamp":"2026-05-10T11:22:14.891373Z","level":"INFO","fields":{"message":"Concurrency control for download: Increased concurrency from 64 to 64; reason: success ratio 1.000 is above threshold 0.800 and predicted RTT for 3MB at new concurrency is 13.69s < target 60.0s"},"filename":"/Users/runner/work/xet-core/xet-core/xet_client/src/cas_client/adaptive_concurrency/controller.rs","line_number":543}
{"timestamp":"2026-05-10T11:22:15.170474Z","level":"INFO","fields":{"message":"Received CAS response","request_id":"","status_code":206},"filename":"/Users/runner/work/xet-core/xet-core/xet_client/src/common/http_client.rs","line_number":288}
{"timestamp":"2026-05-10T11:22:15.170512Z","level":"INFO","fields":{"message":"Request Success: s3::get_range api call succeeded (request id )."},"filename":"/Users/runner/work/xet-core/xet-core/xet_client/src/cas_client/retry_wrapper.rs","line_number":196}
{"timestamp":"2026-05-10T11:22:15.393094Z","level":"INFO","fields":{"message":"Concurrency control for download: Increased concurrency from 64 to 64; reason: success ratio 1.000 is above threshold 0.800 and predicted RTT for 3MB at new concurrency is 13.78s < target 60.0s"},"filename":"/Users/runner/work/xet-core/xet-core/xet_client/src/cas_client/adaptive_concurrency/controller.rs","line_number":543}
{"timestamp":"2026-05-10T11:22:15.544096Z","level":"INFO","fields":{"message":"Received CAS response","request_id":"","status_code":206},"filename":"/Users/runner/work/xet-core/xet-core/xet_client/src/common/http_client.rs","line_number":288}
{"timestamp":"2026-05-10T11:22:15.544133Z","level":"INFO","fields":{"message":"Request Success: s3::get_range api call succeeded (request id )."},"filename":"/Users/runner/work/xet-core/xet-core/xet_client/src/cas_client/retry_wrapper.rs","line_number":196}
{"timestamp":"2026-05-10T11:22:15.560421Z","level":"INFO","fields":{"message":"Received CAS response","request_id":"","status_code":206},"filename":"/Users/runner/work/xet-core/xet-core/xet_client/src/common/http_client.rs","line_number":288}
{"timestamp":"2026-05-10T11:22:15.560446Z","level":"INFO","fields":{"message":"Request Success: s3::get_range api call succeeded (request id )."},"filename":"/Users/runner/work/xet-core/xet-core/xet_client/src/cas_client/retry_wrapper.rs","line_number":196}
{"timestamp":"2026-05-10T11:22:15.565248Z","level":"INFO","fields":{"message":"Concurrency control for download: Current concurrency = 64; predicted bandwidth = 956109; success_ratio = 1.000; reference_size = 3.9MB; observed bytes sent so far = 197542008; completed transmissions = 143"},"filename":"/Users/runner/work/xet-core/xet-core/xet_client/src/cas_client/adaptive_concurrency/controller.rs","line_number":597}
{"timestamp":"2026-05-10T11:22:15.715792Z","level":"INFO","fields":{"message":"Received CAS response","request_id":"","status_code":206},"filename":"/Users/runner/work/xet-core/xet-core/xet_client/src/common/http_client.rs","line_number":288}
{"timestamp":"2026-05-10T11:22:15.715823Z","level":"INFO","fields":{"message":"Request Success: s3::get_range api call succeeded (request id )."},"filename":"/Users/runner/work/xet-core/xet-core/xet_client/src/cas_client/retry_wrapper.rs","line_number":196}
{"timestamp":"2026-05-10T11:22:15.829181Z","level":"INFO","fields":{"message":"Received CAS response","request_id":"","status_code":206},"filename":"/Users/runner/work/xet-core/xet-core/xet_client/src/common/http_client.rs","line_number":288}
{"timestamp":"2026-05-10T11:22:15.829219Z","level":"INFO","fields":{"message":"Request Success: s3::get_range api call succeeded (request id )."},"filename":"/Users/runner/work/xet-core/xet-core/xet_client/src/cas_client/retry_wrapper.rs","line_number":196}
{"timestamp":"2026-05-10T11:22:15.863499Z","level":"INFO","fields":{"message":"Received CAS response","request_id":"","status_code":206},"filename":"/Users/runner/work/xet-core/xet-core/xet_client/src/common/http_client.rs","line_number":288}
{"timestamp":"2026-05-10T11:22:15.863535Z","level":"INFO","fields":{"message":"Request Success: s3::get_range api call succeeded (request id )."},"filename":"/Users/runner/work/xet-core/xet-core/xet_client/src/cas_client/retry_wrapper.rs","line_number":196}
{"timestamp":"2026-05-10T11:22:15.894563Z","level":"INFO","fields":{"message":"Concurrency control for download: Increased concurrency from 64 to 64; reason: success ratio 1.000 is above threshold 0.800 and predicted RTT for 3MB at new concurrency is 13.70s < target 60.0s"},"filename":"/Users/runner/work/xet-core/xet-core/xet_client/src/cas_client/adaptive_concurrency/controller.rs","line_number":543}
{"timestamp":"2026-05-10T11:22:16.462498Z","level":"INFO","fields":{"message":"Concurrency control for download: Increased concurrency from 64 to 64; reason: success ratio 1.000 is above threshold 0.800 and predicted RTT for 3MB at new concurrency is 14.05s < target 60.0s"},"filename":"/Users/runner/work/xet-core/xet-core/xet_client/src/cas_client/adaptive_concurrency/controller.rs","line_number":543}
{"timestamp":"2026-05-10T11:22:16.994354Z","level":"INFO","fields":{"message":"Concurrency control for download: Increased concurrency from 64 to 64; reason: success ratio 1.000 is above threshold 0.800 and predicted RTT for 3MB at new concurrency is 13.99s < target 60.0s"},"filename":"/Users/runner/work/xet-core/xet-core/xet_client/src/cas_client/adaptive_concurrency/controller.rs","line_number":543}
{"timestamp":"2026-05-10T11:22:17.199775Z","level":"INFO","fields":{"message":"Retry strategy","max_attempts":5,"base_delay":"3s","no_retry_on_429":false},"filename":"/Users/runner/work/xet-core/xet-core/xet_client/src/cas_client/retry_wrapper.rs","line_number":235}
{"timestamp":"2026-05-10T11:22:17.219888Z","level":"INFO","fields":{"message":"Retry strategy","max_attempts":5,"base_delay":"3s","no_retry_on_429":false},"filename":"/Users/runner/work/xet-core/xet-core/xet_client/src/cas_client/retry_wrapper.rs","line_number":235}
{"timestamp":"2026-05-10T11:22:17.506166Z","level":"INFO","fields":{"message":"Concurrency control for download: Increased concurrency from 64 to 64; reason: success ratio 1.000 is above threshold 0.800 and predicted RTT for 4MB at new concurrency is 9.22s < target 60.0s"},"filename":"/Users/runner/work/xet-core/xet-core/xet_client/src/cas_client/adaptive_concurrency/controller.rs","line_number":543}
{"timestamp":"2026-05-10T11:22:17.515229Z","level":"INFO","fields":{"message":"Retry strategy","max_attempts":5,"base_delay":"3s","no_retry_on_429":false},"filename":"/Users/runner/work/xet-core/xet-core/xet_client/src/cas_client/retry_wrapper.rs","line_number":235}
{"timestamp":"2026-05-10T11:22:17.627116Z","level":"INFO","fields":{"message":"Retry strategy","max_attempts":5,"base_delay":"3s","no_retry_on_429":false},"filename":"/Users/runner/work/xet-core/xet-core/xet_client/src/cas_client/retry_wrapper.rs","line_number":235}
{"timestamp":"2026-05-10T11:22:17.728007Z","level":"INFO","fields":{"message":"Retry strategy","max_attempts":5,"base_delay":"3s","no_retry_on_429":false},"filename":"/Users/runner/work/xet-core/xet-core/xet_client/src/cas_client/retry_wrapper.rs","line_number":235}
{"timestamp":"2026-05-10T11:22:18.161924Z","level":"INFO","fields":{"message":"Concurrency control for download: Increased concurrency from 64 to 64; reason: success ratio 1.000 is above threshold 0.800 and predicted RTT for 4MB at new concurrency is 13.36s < target 60.0s"},"filename":"/Users/runner/work/xet-core/xet-core/xet_client/src/cas_client/adaptive_concurrency/controller.rs","line_number":543}
{"timestamp":"2026-05-10T11:22:18.746249Z","level":"INFO","fields":{"message":"Concurrency control for download: Increased concurrency from 64 to 64; reason: success ratio 1.000 is above threshold 0.800 and predicted RTT for 4MB at new concurrency is 13.00s < target 60.0s"},"filename":"/Users/runner/work/xet-core/xet-core/xet_client/src/cas_client/adaptive_concurrency/controller.rs","line_number":543}
{"timestamp":"2026-05-10T11:22:19.073756Z","level":"INFO","fields":{"message":"Retry strategy","max_attempts":5,"base_delay":"3s","no_retry_on_429":false},"filename":"/Users/runner/work/xet-core/xet-core/xet_client/src/cas_client/retry_wrapper.rs","line_number":235}
{"timestamp":"2026-05-10T11:22:19.255605Z","level":"INFO","fields":{"message":"Concurrency control for download: Increased concurrency from 64 to 64; reason: success ratio 1.000 is above threshold 0.800 and predicted RTT for 4MB at new concurrency is 10.94s < target 60.0s"},"filename":"/Users/runner/work/xet-core/xet-core/xet_client/src/cas_client/adaptive_concurrency/controller.rs","line_number":543}
{"timestamp":"2026-05-10T11:22:19.479337Z","level":"INFO","fields":{"message":"Retry strategy","max_attempts":5,"base_delay":"3s","no_retry_on_429":false},"filename":"/Users/runner/work/xet-core/xet-core/xet_client/src/cas_client/retry_wrapper.rs","line_number":235}
{"timestamp":"2026-05-10T11:22:19.484077Z","level":"INFO","fields":{"message":"Retry strategy","max_attempts":5,"base_delay":"3s","no_retry_on_429":false},"filename":"/Users/runner/work/xet-core/xet-core/xet_client/src/cas_client/retry_wrapper.rs","line_number":235}
{"timestamp":"2026-05-10T11:22:19.769713Z","level":"INFO","fields":{"message":"Concurrency control for download: Increased concurrency from 64 to 64; reason: success ratio 1.000 is above threshold 0.800 and predicted RTT for 4MB at new concurrency is 11.11s < target 60.0s"},"filename":"/Users/runner/work/xet-core/xet-core/xet_client/src/cas_client/adaptive_concurrency/controller.rs","line_number":543}
{"timestamp":"2026-05-10T11:22:19.939316Z","level":"INFO","fields":{"message":"Received CAS response","request_id":"","status_code":206},"filename":"/Users/runner/work/xet-core/xet-core/xet_client/src/common/http_client.rs","line_number":288}
{"timestamp":"2026-05-10T11:22:19.939355Z","level":"INFO","fields":{"message":"Request Success: s3::get_range api call succeeded (request id )."},"filename":"/Users/runner/work/xet-core/xet-core/xet_client/src/cas_client/retry_wrapper.rs","line_number":196}
{"timestamp":"2026-05-10T11:22:20.024979Z","level":"INFO","fields":{"message":"Received CAS response","request_id":"","status_code":206},"filename":"/Users/runner/work/xet-core/xet-core/xet_client/src/common/http_client.rs","line_number":288}
{"timestamp":"2026-05-10T11:22:20.025017Z","level":"INFO","fields":{"message":"Request Success: s3::get_range api call succeeded (request id )."},"filename":"/Users/runner/work/xet-core/xet-core/xet_client/src/cas_client/retry_wrapper.rs","line_number":196}
{"timestamp":"2026-05-10T11:22:20.107271Z","level":"INFO","fields":{"message":"Received CAS response","request_id":"","status_code":206},"filename":"/Users/runner/work/xet-core/xet-core/xet_client/src/common/http_client.rs","line_number":288}
{"timestamp":"2026-05-10T11:22:20.107293Z","level":"INFO","fields":{"message":"Request Success: s3::get_range api call succeeded (request id )."},"filename":"/Users/runner/work/xet-core/xet-core/xet_client/src/cas_client/retry_wrapper.rs","line_number":196}
{"timestamp":"2026-05-10T11:22:20.271257Z","level":"INFO","fields":{"message":"Concurrency control for download: Increased concurrency from 64 to 64; reason: success ratio 1.000 is above threshold 0.800 and predicted RTT for 4MB at new concurrency is 11.29s < target 60.0s"},"filename":"/Users/runner/work/xet-core/xet-core/xet_client/src/cas_client/adaptive_concurrency/controller.rs","line_number":543}
{"timestamp":"2026-05-10T11:22:20.340612Z","level":"INFO","fields":{"message":"Received CAS response","request_id":"","status_code":206},"filename":"/Users/runner/work/xet-core/xet-core/xet_client/src/common/http_client.rs","line_number":288}
{"timestamp":"2026-05-10T11:22:20.340637Z","level":"INFO","fields":{"message":"Request Success: s3::get_range api call succeeded (request id )."},"filename":"/Users/runner/work/xet-core/xet-core/xet_client/src/cas_client/retry_wrapper.rs","line_number":196}
{"timestamp":"2026-05-10T11:22:20.358103Z","level":"INFO","fields":{"message":"Received CAS response","request_id":"","status_code":206},"filename":"/Users/runner/work/xet-core/xet-core/xet_client/src/common/http_client.rs","line_number":288}
{"timestamp":"2026-05-10T11:22:20.358121Z","level":"INFO","fields":{"message":"Request Success: s3::get_range api call succeeded (request id )."},"filename":"/Users/runner/work/xet-core/xet-core/xet_client/src/cas_client/retry_wrapper.rs","line_number":196}
{"timestamp":"2026-05-10T11:22:20.394531Z","level":"INFO","fields":{"message":"Retry strategy","max_attempts":5,"base_delay":"3s","no_retry_on_429":false},"filename":"/Users/runner/work/xet-core/xet-core/xet_client/src/cas_client/retry_wrapper.rs","line_number":235}
{"timestamp":"2026-05-10T11:22:20.694695Z","level":"INFO","fields":{"message":"Received CAS response","request_id":"","status_code":206},"filename":"/Users/runner/work/xet-core/xet-core/xet_client/src/common/http_client.rs","line_number":288}
{"timestamp":"2026-05-10T11:22:20.694730Z","level":"INFO","fields":{"message":"Request Success: s3::get_range api call succeeded (request id )."},"filename":"/Users/runner/work/xet-core/xet-core/xet_client/src/cas_client/retry_wrapper.rs","line_number":196}
{"timestamp":"2026-05-10T11:22:20.776330Z","level":"INFO","fields":{"message":"Concurrency control for download: Increased concurrency from 64 to 64; reason: success ratio 1.000 is above threshold 0.800 and predicted RTT for 4MB at new concurrency is 12.98s < target 60.0s"},"filename":"/Users/runner/work/xet-core/xet-core/xet_client/src/cas_client/adaptive_concurrency/controller.rs","line_number":543}
{"timestamp":"2026-05-10T11:22:20.806438Z","level":"INFO","fields":{"message":"Received CAS response","request_id":"","status_code":206},"filename":"/Users/runner/work/xet-core/xet-core/xet_client/src/common/http_client.rs","line_number":288}
{"timestamp":"2026-05-10T11:22:20.806473Z","level":"INFO","fields":{"message":"Request Success: s3::get_range api call succeeded (request id )."},"filename":"/Users/runner/work/xet-core/xet-core/xet_client/src/cas_client/retry_wrapper.rs","line_number":196}
{"timestamp":"2026-05-10T11:22:20.948870Z","level":"INFO","fields":{"message":"Received CAS response","request_id":"","status_code":206},"filename":"/Users/runner/work/xet-core/xet-core/xet_client/src/common/http_client.rs","line_number":288}
{"timestamp":"2026-05-10T11:22:20.948979Z","level":"INFO","fields":{"message":"Request Success: s3::get_range api call succeeded (request id )."},"filename":"/Users/runner/work/xet-core/xet-core/xet_client/src/cas_client/retry_wrapper.rs","line_number":196}
{"timestamp":"2026-05-10T11:22:21.039703Z","level":"INFO","fields":{"message":"Retry strategy","max_attempts":5,"base_delay":"3s","no_retry_on_429":false},"filename":"/Users/runner/work/xet-core/xet-core/xet_client/src/cas_client/retry_wrapper.rs","line_number":235}
{"timestamp":"2026-05-10T11:22:21.208821Z","level":"INFO","fields":{"message":"Retry strategy","max_attempts":5,"base_delay":"3s","no_retry_on_429":false},"filename":"/Users/runner/work/xet-core/xet-core/xet_client/src/cas_client/retry_wrapper.rs","line_number":235}
{"timestamp":"2026-05-10T11:22:21.257226Z","level":"INFO","fields":{"message":"Retry strategy","max_attempts":5,"base_delay":"3s","no_retry_on_429":false},"filename":"/Users/runner/work/xet-core/xet-core/xet_client/src/cas_client/retry_wrapper.rs","line_number":235}
{"timestamp":"2026-05-10T11:22:21.311095Z","level":"INFO","fields":{"message":"Concurrency control for download: Increased concurrency from 64 to 64; reason: success ratio 1.000 is above threshold 0.800 and predicted RTT for 4MB at new concurrency is 13.16s < target 60.0s"},"filename":"/Users/runner/work/xet-core/xet-core/xet_client/src/cas_client/adaptive_concurrency/controller.rs","line_number":543}
{"timestamp":"2026-05-10T11:22:21.338890Z","level":"INFO","fields":{"message":"Received CAS response","request_id":"","status_code":206},"filename":"/Users/runner/work/xet-core/xet-core/xet_client/src/common/http_client.rs","line_number":288}
{"timestamp":"2026-05-10T11:22:21.338919Z","level":"INFO","fields":{"message":"Request Success: s3::get_range api call succeeded (request id )."},"filename":"/Users/runner/work/xet-core/xet-core/xet_client/src/cas_client/retry_wrapper.rs","line_number":196}
{"timestamp":"2026-05-10T11:22:21.606054Z","level":"INFO","fields":{"message":"Received CAS response","request_id":"","status_code":206},"filename":"/Users/runner/work/xet-core/xet-core/xet_client/src/common/http_client.rs","line_number":288}
{"timestamp":"2026-05-10T11:22:21.606079Z","level":"INFO","fields":{"message":"Request Success: s3::get_range api call succeeded (request id )."},"filename":"/Users/runner/work/xet-core/xet-core/xet_client/src/cas_client/retry_wrapper.rs","line_number":196}
{"timestamp":"2026-05-10T11:22:21.722099Z","level":"INFO","fields":{"message":"Retry strategy","max_attempts":5,"base_delay":"3s","no_retry_on_429":false},"filename":"/Users/runner/work/xet-core/xet-core/xet_client/src/cas_client/retry_wrapper.rs","line_number":235}
{"timestamp":"2026-05-10T11:22:21.902199Z","level":"INFO","fields":{"message":"Concurrency control for download: Increased concurrency from 64 to 64; reason: success ratio 1.000 is above threshold 0.800 and predicted RTT for 4MB at new concurrency is 14.08s < target 60.0s"},"filename":"/Users/runner/work/xet-core/xet-core/xet_client/src/cas_client/adaptive_concurrency/controller.rs","line_number":543}
{"timestamp":"2026-05-10T11:22:22.502959Z","level":"INFO","fields":{"message":"Concurrency control for download: Increased concurrency from 64 to 64; reason: success ratio 1.000 is above threshold 0.800 and predicted RTT for 4MB at new concurrency is 14.65s < target 60.0s"},"filename":"/Users/runner/work/xet-core/xet-core/xet_client/src/cas_client/adaptive_concurrency/controller.rs","line_number":543}
{"timestamp":"2026-05-10T11:22:22.669507Z","level":"INFO","fields":{"message":"Retry strategy","max_attempts":5,"base_delay":"3s","no_retry_on_429":false},"filename":"/Users/runner/work/xet-core/xet-core/xet_client/src/cas_client/retry_wrapper.rs","line_number":235}
{"timestamp":"2026-05-10T11:22:22.748595Z","level":"INFO","fields":{"message":"Retry strategy","max_attempts":5,"base_delay":"3s","no_retry_on_429":false},"filename":"/Users/runner/work/xet-core/xet-core/xet_client/src/cas_client/retry_wrapper.rs","line_number":235}
{"timestamp":"2026-05-10T11:22:23.013264Z","level":"INFO","fields":{"message":"Concurrency control for download: Increased concurrency from 64 to 64; reason: success ratio 1.000 is above threshold 0.800 and predicted RTT for 4MB at new concurrency is 37.09s < target 60.0s"},"filename":"/Users/runner/work/xet-core/xet-core/xet_client/src/cas_client/adaptive_concurrency/controller.rs","line_number":543}
{"timestamp":"2026-05-10T11:22:23.015013Z","level":"INFO","fields":{"message":"Retry strategy","max_attempts":5,"base_delay":"3s","no_retry_on_429":false},"filename":"/Users/runner/work/xet-core/xet-core/xet_client/src/cas_client/retry_wrapper.rs","line_number":235}
{"timestamp":"2026-05-10T11:22:23.677063Z","level":"INFO","fields":{"message":"Concurrency control for download: Increased concurrency from 64 to 64; reason: success ratio 1.000 is above threshold 0.800 and predicted RTT for 4MB at new concurrency is 37.02s < target 60.0s"},"filename":"/Users/runner/work/xet-core/xet-core/xet_client/src/cas_client/adaptive_concurrency/controller.rs","line_number":543}
{"timestamp":"2026-05-10T11:22:24.221584Z","level":"INFO","fields":{"message":"Concurrency control for download: Increased concurrency from 64 to 64; reason: success ratio 1.000 is above threshold 0.800 and predicted RTT for 4MB at new concurrency is 36.93s < target 60.0s"},"filename":"/Users/runner/work/xet-core/xet-core/xet_client/src/cas_client/adaptive_concurrency/controller.rs","line_number":543}
{"timestamp":"2026-05-10T11:22:24.773585Z","level":"INFO","fields":{"message":"Concurrency control for download: Increased concurrency from 64 to 64; reason: success ratio 1.000 is above threshold 0.800 and predicted RTT for 4MB at new concurrency is 36.41s < target 60.0s"},"filename":"/Users/runner/work/xet-core/xet-core/xet_client/src/cas_client/adaptive_concurrency/controller.rs","line_number":543}
{"timestamp":"2026-05-10T11:22:24.830111Z","level":"INFO","fields":{"message":"Received CAS response","request_id":"","status_code":206},"filename":"/Users/runner/work/xet-core/xet-core/xet_client/src/common/http_client.rs","line_number":288}
{"timestamp":"2026-05-10T11:22:24.830133Z","level":"INFO","fields":{"message":"Request Success: s3::get_range api call succeeded (request id )."},"filename":"/Users/runner/work/xet-core/xet-core/xet_client/src/cas_client/retry_wrapper.rs","line_number":196}
{"timestamp":"2026-05-10T11:22:24.862496Z","level":"INFO","fields":{"message":"Received CAS response","request_id":"","status_code":206},"filename":"/Users/runner/work/xet-core/xet-core/xet_client/src/common/http_client.rs","line_number":288}
{"timestamp":"2026-05-10T11:22:24.862507Z","level":"INFO","fields":{"message":"Request Success: s3::get_range api call succeeded (request id )."},"filename":"/Users/runner/work/xet-core/xet-core/xet_client/src/cas_client/retry_wrapper.rs","line_number":196}
{"timestamp":"2026-05-10T11:22:24.949454Z","level":"INFO","fields":{"message":"Received CAS response","request_id":"","status_code":206},"filename":"/Users/runner/work/xet-core/xet-core/xet_client/src/common/http_client.rs","line_number":288}
{"timestamp":"2026-05-10T11:22:24.949464Z","level":"INFO","fields":{"message":"Request Success: s3::get_range api call succeeded (request id )."},"filename":"/Users/runner/work/xet-core/xet-core/xet_client/src/cas_client/retry_wrapper.rs","line_number":196}
{"timestamp":"2026-05-10T11:22:25.011272Z","level":"INFO","fields":{"message":"Received CAS response","request_id":"","status_code":206},"filename":"/Users/runner/work/xet-core/xet-core/xet_client/src/common/http_client.rs","line_number":288}
{"timestamp":"2026-05-10T11:22:25.011286Z","level":"INFO","fields":{"message":"Request Success: s3::get_range api call succeeded (request id )."},"filename":"/Users/runner/work/xet-core/xet-core/xet_client/src/cas_client/retry_wrapper.rs","line_number":196}
{"timestamp":"2026-05-10T11:22:25.057916Z","level":"INFO","fields":{"message":"Retry strategy","max_attempts":5,"base_delay":"3s","no_retry_on_429":false},"filename":"/Users/runner/work/xet-core/xet-core/xet_client/src/cas_client/retry_wrapper.rs","line_number":235}
{"timestamp":"2026-05-10T11:22:25.079197Z","level":"INFO","fields":{"message":"Received CAS response","request_id":"","status_code":206},"filename":"/Users/runner/work/xet-core/xet-core/xet_client/src/common/http_client.rs","line_number":288}
{"timestamp":"2026-05-10T11:22:25.079204Z","level":"INFO","fields":{"message":"Request Success: s3::get_range api call succeeded (request id )."},"filename":"/Users/runner/work/xet-core/xet-core/xet_client/src/cas_client/retry_wrapper.rs","line_number":196}
{"timestamp":"2026-05-10T11:22:25.093285Z","level":"INFO","fields":{"message":"Received CAS response","request_id":"","status_code":206},"filename":"/Users/runner/work/xet-core/xet-core/xet_client/src/common/http_client.rs","line_number":288}
{"timestamp":"2026-05-10T11:22:25.093297Z","level":"INFO","fields":{"message":"Request Success: s3::get_range api call succeeded (request id )."},"filename":"/Users/runner/work/xet-core/xet-core/xet_client/src/cas_client/retry_wrapper.rs","line_number":196}
{"timestamp":"2026-05-10T11:22:25.117664Z","level":"INFO","fields":{"message":"Received CAS response","request_id":"","status_code":206},"filename":"/Users/runner/work/xet-core/xet-core/xet_client/src/common/http_client.rs","line_number":288}
{"timestamp":"2026-05-10T11:22:25.117673Z","level":"INFO","fields":{"message":"Request Success: s3::get_range api call succeeded (request id )."},"filename":"/Users/runner/work/xet-core/xet-core/xet_client/src/cas_client/retry_wrapper.rs","line_number":196}
{"timestamp":"2026-05-10T11:22:25.226262Z","level":"INFO","fields":{"message":"Received CAS response","request_id":"","status_code":206},"filename":"/Users/runner/work/xet-core/xet-core/xet_client/src/common/http_client.rs","line_number":288}
{"timestamp":"2026-05-10T11:22:25.226273Z","level":"INFO","fields":{"message":"Request Success: s3::get_range api call succeeded (request id )."},"filename":"/Users/runner/work/xet-core/xet-core/xet_client/src/cas_client/retry_wrapper.rs","line_number":196}
{"timestamp":"2026-05-10T11:22:25.296335Z","level":"INFO","fields":{"message":"Concurrency control for download: Increased concurrency from 64 to 64; reason: success ratio 1.000 is above threshold 0.800 and predicted RTT for 4MB at new concurrency is 39.96s < target 60.0s"},"filename":"/Users/runner/work/xet-core/xet-core/xet_client/src/cas_client/adaptive_concurrency/controller.rs","line_number":543}
{"timestamp":"2026-05-10T11:22:25.322966Z","level":"INFO","fields":{"message":"Received CAS response","request_id":"","status_code":206},"filename":"/Users/runner/work/xet-core/xet-core/xet_client/src/common/http_client.rs","line_number":288}
{"timestamp":"2026-05-10T11:22:25.323000Z","level":"INFO","fields":{"message":"Request Success: s3::get_range api call succeeded (request id )."},"filename":"/Users/runner/work/xet-core/xet-core/xet_client/src/cas_client/retry_wrapper.rs","line_number":196}
{"timestamp":"2026-05-10T11:22:25.377736Z","level":"INFO","fields":{"message":"Received CAS response","request_id":"","status_code":206},"filename":"/Users/runner/work/xet-core/xet-core/xet_client/src/common/http_client.rs","line_number":288}
{"timestamp":"2026-05-10T11:22:25.377754Z","level":"INFO","fields":{"message":"Request Success: s3::get_range api call succeeded (request id )."},"filename":"/Users/runner/work/xet-core/xet-core/xet_client/src/cas_client/retry_wrapper.rs","line_number":196}
{"timestamp":"2026-05-10T11:22:25.595989Z","level":"INFO","fields":{"message":"Concurrency control for download: Current concurrency = 64; predicted bandwidth = 1178950; success_ratio = 1.000; reference_size = 4.4MB; observed bytes sent so far = 238774502; completed transmissions = 160"},"filename":"/Users/runner/work/xet-core/xet-core/xet_client/src/cas_client/adaptive_concurrency/controller.rs","line_number":597}
{"timestamp":"2026-05-10T11:22:25.725834Z","level":"INFO","fields":{"message":"Retry strategy","max_attempts":5,"base_delay":"3s","no_retry_on_429":false},"filename":"/Users/runner/work/xet-core/xet-core/xet_client/src/cas_client/retry_wrapper.rs","line_number":235}
{"timestamp":"2026-05-10T11:22:25.752691Z","level":"INFO","fields":{"message":"Retry strategy","max_attempts":5,"base_delay":"3s","no_retry_on_429":false},"filename":"/Users/runner/work/xet-core/xet-core/xet_client/src/cas_client/retry_wrapper.rs","line_number":235}
{"timestamp":"2026-05-10T11:22:25.802591Z","level":"INFO","fields":{"message":"Concurrency control for download: Increased concurrency from 64 to 64; reason: success ratio 1.000 is above threshold 0.800 and predicted RTT for 4MB at new concurrency is 33.70s < target 60.0s"},"filename":"/Users/runner/work/xet-core/xet-core/xet_client/src/cas_client/adaptive_concurrency/controller.rs","line_number":543}
{"timestamp":"2026-05-10T11:22:25.871481Z","level":"INFO","fields":{"message":"Received CAS response","request_id":"","status_code":206},"filename":"/Users/runner/work/xet-core/xet-core/xet_client/src/common/http_client.rs","line_number":288}
{"timestamp":"2026-05-10T11:22:25.871492Z","level":"INFO","fields":{"message":"Request Success: s3::get_range api call succeeded (request id )."},"filename":"/Users/runner/work/xet-core/xet-core/xet_client/src/cas_client/retry_wrapper.rs","line_number":196}
{"timestamp":"2026-05-10T11:22:25.958116Z","level":"INFO","fields":{"message":"Retry strategy","max_attempts":5,"base_delay":"3s","no_retry_on_429":false},"filename":"/Users/runner/work/xet-core/xet-core/xet_client/src/cas_client/retry_wrapper.rs","line_number":235}
{"timestamp":"2026-05-10T11:22:26.006151Z","level":"INFO","fields":{"message":"Retry strategy","max_attempts":5,"base_delay":"3s","no_retry_on_429":false},"filename":"/Users/runner/work/xet-core/xet-core/xet_client/src/cas_client/retry_wrapper.rs","line_number":235}
{"timestamp":"2026-05-10T11:22:26.057858Z","level":"INFO","fields":{"message":"Retry strategy","max_attempts":5,"base_delay":"3s","no_retry_on_429":false},"filename":"/Users/runner/work/xet-core/xet-core/xet_client/src/cas_client/retry_wrapper.rs","line_number":235}
{"timestamp":"2026-05-10T11:22:26.101330Z","level":"INFO","fields":{"message":"Retry strategy","max_attempts":5,"base_delay":"3s","no_retry_on_429":false},"filename":"/Users/runner/work/xet-core/xet-core/xet_client/src/cas_client/retry_wrapper.rs","line_number":235}
{"timestamp":"2026-05-10T11:22:27.020605Z","level":"INFO","fields":{"message":"Concurrency control for download: Increased concurrency from 64 to 64; reason: success ratio 1.000 is above threshold 0.800 and predicted RTT for 4MB at new concurrency is 35.53s < target 60.0s"},"filename":"/Users/runner/work/xet-core/xet-core/xet_client/src/cas_client/adaptive_concurrency/controller.rs","line_number":543}
{"timestamp":"2026-05-10T11:22:27.522434Z","level":"INFO","fields":{"message":"Concurrency control for download: Increased concurrency from 64 to 64; reason: success ratio 1.000 is above threshold 0.800 and predicted RTT for 4MB at new concurrency is 35.56s < target 60.0s"},"filename":"/Users/runner/work/xet-core/xet-core/xet_client/src/cas_client/adaptive_concurrency/controller.rs","line_number":543}
{"timestamp":"2026-05-10T11:22:27.905733Z","level":"INFO","fields":{"message":"Retry strategy","max_attempts":5,"base_delay":"3s","no_retry_on_429":false},"filename":"/Users/runner/work/xet-core/xet-core/xet_client/src/cas_client/retry_wrapper.rs","line_number":235}
{"timestamp":"2026-05-10T11:22:28.027068Z","level":"INFO","fields":{"message":"Concurrency control for download: Increased concurrency from 64 to 64; reason: success ratio 1.000 is above threshold 0.800 and predicted RTT for 4MB at new concurrency is 14.55s < target 60.0s"},"filename":"/Users/runner/work/xet-core/xet-core/xet_client/src/cas_client/adaptive_concurrency/controller.rs","line_number":543}
{"timestamp":"2026-05-10T11:22:28.060054Z","level":"INFO","fields":{"message":"Retry strategy","max_attempts":5,"base_delay":"3s","no_retry_on_429":false},"filename":"/Users/runner/work/xet-core/xet-core/xet_client/src/cas_client/retry_wrapper.rs","line_number":235}
{"timestamp":"2026-05-10T11:22:28.290636Z","level":"INFO","fields":{"message":"Retry strategy","max_attempts":5,"base_delay":"3s","no_retry_on_429":false},"filename":"/Users/runner/work/xet-core/xet-core/xet_client/src/cas_client/retry_wrapper.rs","line_number":235}
{"timestamp":"2026-05-10T11:22:28.359813Z","level":"INFO","fields":{"message":"Retry strategy","max_attempts":5,"base_delay":"3s","no_retry_on_429":false},"filename":"/Users/runner/work/xet-core/xet-core/xet_client/src/cas_client/retry_wrapper.rs","line_number":235}
{"timestamp":"2026-05-10T11:22:28.426397Z","level":"INFO","fields":{"message":"Retry strategy","max_attempts":5,"base_delay":"3s","no_retry_on_429":false},"filename":"/Users/runner/work/xet-core/xet-core/xet_client/src/cas_client/retry_wrapper.rs","line_number":235}
{"timestamp":"2026-05-10T11:22:28.450577Z","level":"INFO","fields":{"message":"Retry strategy","max_attempts":5,"base_delay":"3s","no_retry_on_429":false},"filename":"/Users/runner/work/xet-core/xet-core/xet_client/src/cas_client/retry_wrapper.rs","line_number":235}
{"timestamp":"2026-05-10T11:22:28.489502Z","level":"INFO","fields":{"message":"Retry strategy","max_attempts":5,"base_delay":"3s","no_retry_on_429":false},"filename":"/Users/runner/work/xet-core/xet-core/xet_client/src/cas_client/retry_wrapper.rs","line_number":235}
{"timestamp":"2026-05-10T11:22:28.508653Z","level":"INFO","fields":{"message":"Retry strategy","max_attempts":5,"base_delay":"3s","no_retry_on_429":false},"filename":"/Users/runner/work/xet-core/xet-core/xet_client/src/cas_client/retry_wrapper.rs","line_number":235}
{"timestamp":"2026-05-10T11:22:28.530762Z","level":"INFO","fields":{"message":"Concurrency control for download: Increased concurrency from 64 to 64; reason: success ratio 1.000 is above threshold 0.800 and predicted RTT for 4MB at new concurrency is 45.59s < target 60.0s"},"filename":"/Users/runner/work/xet-core/xet-core/xet_client/src/cas_client/adaptive_concurrency/controller.rs","line_number":543}
{"timestamp":"2026-05-10T11:22:28.549337Z","level":"INFO","fields":{"message":"Retry strategy","max_attempts":5,"base_delay":"3s","no_retry_on_429":false},"filename":"/Users/runner/work/xet-core/xet-core/xet_client/src/cas_client/retry_wrapper.rs","line_number":235}
{"timestamp":"2026-05-10T11:22:28.802934Z","level":"INFO","fields":{"message":"Retry strategy","max_attempts":5,"base_delay":"3s","no_retry_on_429":false},"filename":"/Users/runner/work/xet-core/xet-core/xet_client/src/cas_client/retry_wrapper.rs","line_number":235}
{"timestamp":"2026-05-10T11:22:29.054311Z","level":"INFO","fields":{"message":"Concurrency control for download: Increased concurrency from 64 to 64; reason: success ratio 1.000 is above threshold 0.800 and predicted RTT for 4MB at new concurrency is 30.01s < target 60.0s"},"filename":"/Users/runner/work/xet-core/xet-core/xet_client/src/cas_client/adaptive_concurrency/controller.rs","line_number":543}
{"timestamp":"2026-05-10T11:22:29.554898Z","level":"INFO","fields":{"message":"Concurrency control for download: Increased concurrency from 64 to 64; reason: success ratio 1.000 is above threshold 0.800 and predicted RTT for 4MB at new concurrency is 30.23s < target 60.0s"},"filename":"/Users/runner/work/xet-core/xet-core/xet_client/src/cas_client/adaptive_concurrency/controller.rs","line_number":543}
{"timestamp":"2026-05-10T11:22:30.064233Z","level":"INFO","fields":{"message":"Concurrency control for download: Increased concurrency from 64 to 64; reason: success ratio 1.000 is above threshold 0.800 and predicted RTT for 4MB at new concurrency is 31.22s < target 60.0s"},"filename":"/Users/runner/work/xet-core/xet-core/xet_client/src/cas_client/adaptive_concurrency/controller.rs","line_number":543}
{"timestamp":"2026-05-10T11:22:30.424320Z","level":"INFO","fields":{"message":"Retry strategy","max_attempts":5,"base_delay":"3s","no_retry_on_429":false},"filename":"/Users/runner/work/xet-core/xet-core/xet_client/src/cas_client/retry_wrapper.rs","line_number":235}
{"timestamp":"2026-05-10T11:22:30.536449Z","level":"INFO","fields":{"message":"Retry strategy","max_attempts":5,"base_delay":"3s","no_retry_on_429":false},"filename":"/Users/runner/work/xet-core/xet-core/xet_client/src/cas_client/retry_wrapper.rs","line_number":235}
{"timestamp":"2026-05-10T11:22:30.570143Z","level":"INFO","fields":{"message":"Concurrency control for download: Increased concurrency from 64 to 64; reason: success ratio 1.000 is above threshold 0.800 and predicted RTT for 4MB at new concurrency is 27.15s < target 60.0s"},"filename":"/Users/runner/work/xet-core/xet-core/xet_client/src/cas_client/adaptive_concurrency/controller.rs","line_number":543}
{"timestamp":"2026-05-10T11:22:31.070603Z","level":"INFO","fields":{"message":"Concurrency control for download: Increased concurrency from 64 to 64; reason: success ratio 1.000 is above threshold 0.800 and predicted RTT for 4MB at new concurrency is 27.51s < target 60.0s"},"filename":"/Users/runner/work/xet-core/xet-core/xet_client/src/cas_client/adaptive_concurrency/controller.rs","line_number":543}
{"timestamp":"2026-05-10T11:22:31.531850Z","level":"INFO","fields":{"message":"Retry strategy","max_attempts":5,"base_delay":"3s","no_retry_on_429":false},"filename":"/Users/runner/work/xet-core/xet-core/xet_client/src/cas_client/retry_wrapper.rs","line_number":235}
{"timestamp":"2026-05-10T11:22:31.552841Z","level":"INFO","fields":{"message":"Retry strategy","max_attempts":5,"base_delay":"3s","no_retry_on_429":false},"filename":"/Users/runner/work/xet-core/xet-core/xet_client/src/cas_client/retry_wrapper.rs","line_number":235}
{"timestamp":"2026-05-10T11:22:31.574938Z","level":"INFO","fields":{"message":"Concurrency control for download: Increased concurrency from 64 to 64; reason: success ratio 1.000 is above threshold 0.800 and predicted RTT for 4MB at new concurrency is 34.15s < target 60.0s"},"filename":"/Users/runner/work/xet-core/xet-core/xet_client/src/cas_client/adaptive_concurrency/controller.rs","line_number":543}
{"timestamp":"2026-05-10T11:22:31.697363Z","level":"INFO","fields":{"message":"Retry strategy","max_attempts":5,"base_delay":"3s","no_retry_on_429":false},"filename":"/Users/runner/work/xet-core/xet-core/xet_client/src/cas_client/retry_wrapper.rs","line_number":235}
{"timestamp":"2026-05-10T11:22:32.076293Z","level":"INFO","fields":{"message":"Concurrency control for download: Increased concurrency from 64 to 64; reason: success ratio 1.000 is above threshold 0.800 and predicted RTT for 4MB at new concurrency is 33.95s < target 60.0s"},"filename":"/Users/runner/work/xet-core/xet-core/xet_client/src/cas_client/adaptive_concurrency/controller.rs","line_number":543}
{"timestamp":"2026-05-10T11:22:32.333925Z","level":"INFO","fields":{"message":"Retry strategy","max_attempts":5,"base_delay":"3s","no_retry_on_429":false},"filename":"/Users/runner/work/xet-core/xet-core/xet_client/src/cas_client/retry_wrapper.rs","line_number":235}
{"timestamp":"2026-05-10T11:22:32.588660Z","level":"INFO","fields":{"message":"Concurrency control for download: Increased concurrency from 64 to 64; reason: success ratio 1.000 is above threshold 0.800 and predicted RTT for 4MB at new concurrency is 35.19s < target 60.0s"},"filename":"/Users/runner/work/xet-core/xet-core/xet_client/src/cas_client/adaptive_concurrency/controller.rs","line_number":543}
{"timestamp":"2026-05-10T11:22:33.119165Z","level":"INFO","fields":{"message":"Concurrency control for download: Increased concurrency from 64 to 64; reason: success ratio 1.000 is above threshold 0.800 and predicted RTT for 4MB at new concurrency is 35.39s < target 60.0s"},"filename":"/Users/runner/work/xet-core/xet-core/xet_client/src/cas_client/adaptive_concurrency/controller.rs","line_number":543}
{"timestamp":"2026-05-10T11:22:33.523030Z","level":"INFO","fields":{"message":"Retry strategy","max_attempts":5,"base_delay":"3s","no_retry_on_429":false},"filename":"/Users/runner/work/xet-core/xet-core/xet_client/src/cas_client/retry_wrapper.rs","line_number":235}
{"timestamp":"2026-05-10T11:22:33.623659Z","level":"INFO","fields":{"message":"Concurrency control for download: Increased concurrency from 64 to 64; reason: success ratio 1.000 is above threshold 0.800 and predicted RTT for 4MB at new concurrency is 25.15s < target 60.0s"},"filename":"/Users/runner/work/xet-core/xet-core/xet_client/src/cas_client/adaptive_concurrency/controller.rs","line_number":543}
{"timestamp":"2026-05-10T11:22:34.171332Z","level":"INFO","fields":{"message":"Concurrency control for download: Increased concurrency from 64 to 64; reason: success ratio 1.000 is above threshold 0.800 and predicted RTT for 4MB at new concurrency is 26.94s < target 60.0s"},"filename":"/Users/runner/work/xet-core/xet-core/xet_client/src/cas_client/adaptive_concurrency/controller.rs","line_number":543}
{"timestamp":"2026-05-10T11:22:34.365916Z","level":"INFO","fields":{"message":"Retry strategy","max_attempts":5,"base_delay":"3s","no_retry_on_429":false},"filename":"/Users/runner/work/xet-core/xet-core/xet_client/src/cas_client/retry_wrapper.rs","line_number":235}
